n,t,maxE_SF,maxH_SF,W_total,W_phys,divE_TF,divH_TF
1,0.025,0.000000000e+00,0.000000000e+00,nan,nan,nan,nan
2,0.05,0.000000000e+00,0.000000000e+00,nan,nan,nan,nan
3,0.075,0.000000000e+00,0.000000000e+00,nan,nan,nan,nan
4,0.1,0.000000000e+00,0.000000000e+00,nan,nan,nan,nan
5,0.125,0.000000000e+00,0.000000000e+00,nan,nan,nan,nan
6,0.15,0.000000000e+00,0.000000000e+00,nan,nan,nan,nan
7,0.175,0.000000000e+00,0.000000000e+00,nan,nan,nan,nan
8,0.2,0.000000000e+00,0.000000000e+00,nan,nan,nan,nan
9,0.225,0.000000000e+00,0.000000000e+00,nan,nan,nan,nan
10,0.25,0.000000000e+00,0.000000000e+00,nan,nan,nan,nan
11,0.275,0.000000000e+00,0.000000000e+00,nan,nan,nan,nan
12,0.3,0.000000000e+00,0.000000000e+00,nan,nan,nan,nan
13,0.325,0.000000000e+00,0.000000000e+00,nan,nan,nan,nan
14,0.35,0.000000000e+00,0.000000000e+00,nan,nan,nan,nan
15,0.375,0.000000000e+00,0.000000000e+00,nan,nan,nan,nan
16,0.4,0.000000000e+00,0.000000000e+00,nan,nan,nan,nan
17,0.425,0.000000000e+00,0.000000000e+00,nan,nan,nan,nan
18,0.45,0.000000000e+00,0.000000000e+00,nan,nan,nan,nan
19,0.475,0.000000000e+00,0.000000000e+00,nan,nan,nan,nan
20,0.5,0.000000000e+00,0.000000000e+00,nan,nan,nan,nan
21,0.525,0.000000000e+00,0.000000000e+00,nan,nan,nan,nan
22,0.55,0.000000000e+00,0.000000000e+00,nan,nan,nan,nan
23,0.575,0.000000000e+00,0.000000000e+00,nan,nan,nan,nan
24,0.6,0.000000000e+00,0.000000000e+00,nan,nan,nan,nan
25,0.625,0.000000000e+00,0.000000000e+00,nan,nan,nan,nan
26,0.65,0.000000000e+00,0.000000000e+00,nan,nan,nan,nan
27,0.675,0.000000000e+00,0.000000000e+00,nan,nan,nan,nan
28,0.7,0.000000000e+00,0.000000000e+00,nan,nan,nan,nan
29,0.725,0.000000000e+00,0.000000000e+00,nan,nan,nan,nan
30,0.75,0.000000000e+00,0.000000000e+00,nan,nan,nan,nan
31,0.775,0.000000000e+00,0.000000000e+00,nan,nan,nan,nan
32,0.8,0.000000000e+00,0.000000000e+00,nan,nan,nan,nan
33,0.825,0.000000000e+00,0.000000000e+00,nan,nan,nan,nan
34,0.85,0.000000000e+00,0.000000000e+00,nan,nan,nan,nan
35,0.875,0.000000000e+00,0.000000000e+00,nan,nan,nan,nan
36,0.9,0.000000000e+00,0.000000000e+00,nan,nan,nan,nan
37,0.925,0.000000000e+00,0.000000000e+00,nan,nan,nan,nan
38,0.95,0.000000000e+00,0.000000000e+00,nan,nan,nan,nan
39,0.975,0.000000000e+00,0.000000000e+00,nan,nan,nan,nan
40,1,0.000000000e+00,0.000000000e+00,nan,nan,nan,nan
41,1.025,0.000000000e+00,0.000000000e+00,nan,nan,nan,nan
42,1.05,0.000000000e+00,0.000000000e+00,nan,nan,nan,nan
43,1.075,9.809089250e-45,1.121038771e-44,nan,nan,nan,nan
44,1.1,2.718519021e-43,3.587324069e-43,nan,nan,nan,nan
45,1.125,7.309172790e-42,1.147943702e-41,nan,nan,nan,nan
46,1.15,1.606266391e-40,1.836709923e-40,nan,nan,nan,nan
47,1.175,1.904057729e-39,2.938735877e-39,nan,nan,nan,nan
48,1.2,2.093907747e-38,2.350988702e-38,nan,nan,nan,nan
49,1.225,2.277060258e-37,1.880790961e-37,nan,nan,nan,nan
50,1.25,1.992508844e-36,1.504632769e-36,nan,nan,nan,nan
51,1.275,1.818336242e-35,1.805559323e-35,nan,nan,nan,nan
52,1.3,8.167330167e-35,9.629649722e-35,nan,nan,nan,nan
53,1.325,6.887801802e-34,7.703719778e-34,nan,nan,nan,nan
54,1.35,3.275063887e-33,6.162975822e-33,nan,nan,nan,nan
55,1.375,2.030950336e-32,3.081487911e-32,nan,nan,nan,nan
56,1.4,9.938889413e-32,1.479114197e-31,nan,nan,nan,nan
57,1.425,5.138686312e-31,5.916456789e-31,nan,nan,nan,nan
58,1.45,2.076150557e-30,3.155443621e-30,nan,nan,nan,nan
59,1.475,7.274418282e-30,1.419949629e-29,nan,nan,nan,nan
60,1.5,4.067600427e-29,5.048709793e-29,nan,nan,nan,nan
61,1.525,1.207957338e-28,2.019483917e-28,nan,nan,nan,nan
62,1.55,4.752619016e-28,7.573064690e-28,nan,nan,nan,nan
63,1.575,1.379278777e-27,2.423380701e-27,nan,nan,nan,nan
64,1.6,4.067810535e-27,8.077935669e-27,nan,nan,nan,nan
65,1.625,1.280044450e-26,2.423380701e-26,nan,nan,nan,nan
66,1.65,4.381340941e-26,1.001664023e-25,nan,nan,nan,nan
67,1.675,1.267917435e-25,2.843433356e-25,nan,nan,nan,nan
68,1.7,3.386679886e-25,7.367077331e-25,nan,nan,nan,nan
69,1.725,8.500125628e-25,1.731909408e-24,nan,nan,nan,nan
70,1.75,2.489995224e-24,4.161752457e-24,nan,nan,nan,nan
71,1.775,4.022363888e-24,9.512577044e-24,nan,nan,nan,nan
72,1.8,1.134670852e-23,2.316105715e-23,nan,nan,nan,nan
73,1.825,2.022586878e-23,5.128519798e-23,nan,nan,nan,nan
74,1.85,5.300277837e-23,1.158052858e-22,nan,nan,nan,nan
75,1.875,8.257511690e-23,2.514629062e-22,nan,nan,nan,nan
76,1.9,1.828427064e-22,5.029258124e-22,nan,nan,nan,nan
77,1.925,3.175359715e-22,9.793818453e-22,nan,nan,nan,nan
78,1.95,6.684787297e-22,2.117582368e-21,nan,nan,nan,nan
79,1.975,1.272677839e-21,3.811648263e-21,nan,nan,nan,nan
80,2,2.547719752e-21,6.564505341e-21,nan,nan,nan,nan
81,2.025,4.082966969e-21,1.185846126e-20,nan,nan,nan,nan
82,2.05,7.096029352e-21,1.609362600e-20,nan,nan,nan,nan
83,2.075,1.058791531e-20,2.795208726e-20,nan,nan,nan,nan
84,2.1,2.022504003e-20,4.404571326e-20,nan,nan,nan,nan
85,2.125,2.954240245e-20,6.246867986e-20,nan,nan,nan,nan
86,2.15,4.429717963e-20,9.825582188e-20,nan,nan,nan,nan
87,2.175,6.293190447e-20,1.355252716e-19,nan,nan,nan,nan
88,2.2,9.003695878e-20,1.829591166e-19,nan,nan,nan,nan
89,2.225,1.340826720e-19,2.303929617e-19,nan,nan,nan,nan
90,2.25,1.747402535e-19,2.981555974e-19,nan,nan,nan,nan
91,2.275,2.289503621e-19,3.862470239e-19,nan,nan,nan,nan
92,2.3,3.017943390e-19,5.149960319e-19,nan,nan,nan,nan
93,2.325,3.627807112e-19,6.911788850e-19,nan,nan,nan,nan
94,2.35,4.712009284e-19,8.809142651e-19,nan,nan,nan,nan
95,2.375,5.796211457e-19,1.029992064e-18,nan,nan,nan,nan
96,2.4,5.931736728e-19,1.246832498e-18,nan,nan,nan,nan
97,2.425,5.931736728e-19,1.517883041e-18,nan,nan,nan,nan
98,2.45,7.286989444e-19,1.626303259e-18,nan,nan,nan,nan
99,2.475,7.221993382e-19,1.734723476e-18,nan,nan,nan,nan
100,2.5,8.704373443e-19,1.951563910e-18,nan,nan,nan,nan
101,2.525,1.074565044e-18,2.222614454e-18,nan,nan,nan,nan
102,2.55,1.535350968e-18,2.493664997e-18,nan,nan,nan,nan
103,2.575,1.860611619e-18,3.144186300e-18,nan,nan,nan,nan
104,2.6,2.131662162e-18,3.469446952e-18,nan,nan,nan,nan
105,2.625,2.240082380e-18,3.577867169e-18,nan,nan,nan,nan
106,2.65,2.668114076e-18,4.119968255e-18,nan,nan,nan,nan
107,2.675,2.613903967e-18,4.336808690e-18,nan,nan,nan,nan
108,2.7,2.830744402e-18,4.770489559e-18,nan,nan,nan,nan
109,2.725,3.427055596e-18,5.421010862e-18,nan,nan,nan,nan
110,2.75,3.316095137e-18,6.722053469e-18,nan,nan,nan,nan
111,2.775,3.424515354e-18,8.023096076e-18,nan,nan,nan,nan
112,2.8,3.858196223e-18,8.890457814e-18,nan,nan,nan,nan
113,2.825,3.858196223e-18,9.107298249e-18,nan,nan,nan,nan
114,2.85,4.044813486e-18,9.107298249e-18,nan,nan,nan,nan
115,2.875,3.603269117e-18,9.540979118e-18,nan,nan,nan,nan
116,2.9,4.085552430e-18,1.127570259e-17,nan,nan,nan,nan
117,2.925,5.471305572e-18,1.214306433e-17,nan,nan,nan,nan
118,2.95,7.097608831e-18,1.301042607e-17,nan,nan,nan,nan
119,2.975,7.856550352e-18,1.344410694e-17,nan,nan,nan,nan
120,3,8.073390786e-18,1.474514955e-17,nan,nan,nan,nan
121,3.025,9.808114262e-18,1.647987302e-17,nan,nan,nan,nan
122,3.05,1.089231643e-17,1.734723476e-17,nan,nan,nan,nan
123,3.075,1.067547600e-17,1.561251128e-17,nan,nan,nan,nan
124,3.1,1.070823023e-17,1.604619215e-17,nan,nan,nan,nan
125,3.125,1.179243240e-17,1.908195824e-17,nan,nan,nan,nan
126,3.15,1.244295370e-17,1.994931997e-17,nan,nan,nan,nan
127,3.175,1.360423502e-17,2.255140519e-17,nan,nan,nan,nan
128,3.2,1.490527762e-17,2.602085214e-17,nan,nan,nan,nan
129,3.225,1.533895849e-17,2.775557562e-17,nan,nan,nan,nan
130,3.25,1.555579893e-17,3.035766083e-17,nan,nan,nan,nan
131,3.275,1.512211806e-17,3.382710778e-17,nan,nan,nan,nan
132,3.3,1.533895849e-17,3.469446952e-17,nan,nan,nan,nan
133,3.325,1.403791589e-17,3.556183126e-17,nan,nan,nan,nan
134,3.35,1.230864233e-17,3.382710778e-17,nan,nan,nan,nan
135,3.375,1.402514277e-17,3.642919300e-17,nan,nan,nan,nan
136,3.4,1.799658926e-17,3.903127821e-17,nan,nan,nan,nan
137,3.425,2.059867448e-17,3.989863995e-17,nan,nan,nan,nan
138,3.45,2.146603622e-17,4.510281038e-17,nan,nan,nan,nan
139,3.475,2.450180230e-17,4.683753385e-17,nan,nan,nan,nan
140,3.5,2.580284491e-17,4.857225733e-17,nan,nan,nan,nan
141,3.525,2.667020664e-17,4.857225733e-17,nan,nan,nan,nan
142,3.55,2.900067434e-17,5.030698080e-17,nan,nan,nan,nan
143,3.575,3.073539782e-17,5.030698080e-17,nan,nan,nan,nan
144,3.6,3.160275955e-17,5.204170428e-17,nan,nan,nan,nan
145,3.625,3.247012129e-17,5.551115123e-17,nan,nan,nan,nan
146,3.65,3.333748303e-17,5.898059818e-17,nan,nan,nan,nan
147,3.675,3.290380216e-17,6.245004514e-17,nan,nan,nan,nan
148,3.7,3.152568041e-17,7.112366252e-17,nan,nan,nan,nan
149,3.725,3.499512736e-17,7.632783294e-17,nan,nan,nan,nan
150,3.75,3.499512736e-17,7.979727989e-17,nan,nan,nan,nan
151,3.775,2.935727607e-17,8.153200337e-17,nan,nan,nan,nan
152,3.8,3.003616352e-17,7.806255642e-17,nan,nan,nan,nan
153,3.825,3.239304215e-17,8.326672685e-17,nan,nan,nan,nan
154,3.85,3.175921989e-17,8.673617380e-17,nan,nan,nan,nan
155,3.875,4.074006343e-17,9.020562075e-17,nan,nan,nan,nan
156,3.9,4.941368081e-17,9.020562075e-17,nan,nan,nan,nan
157,3.925,5.461785124e-17,9.367506770e-17,nan,nan,nan,nan
158,3.95,5.635257471e-17,1.075528555e-16,nan,nan,nan,nan
159,3.975,5.982202167e-17,1.110223025e-16,nan,nan,nan,nan
160,4,6.155674514e-17,1.110223025e-16,nan,nan,nan,nan
161,4.025,5.895465993e-17,1.144917494e-16,nan,nan,nan,nan
162,4.05,5.895465993e-17,1.075528555e-16,nan,nan,nan,nan
163,4.075,6.329146862e-17,1.110223025e-16,nan,nan,nan,nan
164,4.1,6.803542010e-17,1.179611964e-16,nan,nan,nan,nan
165,4.125,7.237222879e-17,1.214306433e-16,nan,nan,nan,nan
166,4.15,6.890278184e-17,1.318389842e-16,nan,nan,nan,nan
167,4.175,7.575612456e-17,1.491862189e-16,nan,nan,nan,nan
168,4.2,7.922557151e-17,1.630640067e-16,nan,nan,nan,nan
169,4.225,7.228667760e-17,1.700029006e-16,nan,nan,nan,nan
170,4.25,6.534778370e-17,1.665334537e-16,nan,nan,nan,nan
171,4.275,7.315403934e-17,1.665334537e-16,nan,nan,nan,nan
172,4.3,6.881723065e-17,1.700029006e-16,nan,nan,nan,nan
173,4.325,6.044298938e-17,1.630640067e-16,nan,nan,nan,nan
174,4.35,6.217392144e-17,1.804112415e-16,nan,nan,nan,nan
175,4.375,8.172057195e-17,1.804112415e-16,nan,nan,nan,nan
176,4.4,8.692474238e-17,1.908195824e-16,nan,nan,nan,nan
177,4.425,8.345529543e-17,1.734723476e-16,nan,nan,nan,nan
178,4.45,8.519001890e-17,1.804112415e-16,nan,nan,nan,nan
179,4.475,1.008025302e-16,1.942890293e-16,nan,nan,nan,nan
180,4.5,1.129455945e-16,2.081668171e-16,nan,nan,nan,nan
181,4.525,1.042719771e-16,2.081668171e-16,nan,nan,nan,nan
182,4.55,1.005207483e-16,1.873501354e-16,nan,nan,nan,nan
183,4.575,1.161332596e-16,1.942890293e-16,nan,nan,nan,nan
184,4.6,9.878602480e-17,2.012279232e-16,nan,nan,nan,nan
185,4.625,1.027984207e-16,2.151057110e-16,nan,nan,nan,nan
186,4.65,1.114720381e-16,2.359223927e-16,nan,nan,nan,nan
187,4.675,1.201456555e-16,2.428612866e-16,nan,nan,nan,nan
188,4.7,1.218803790e-16,2.498001805e-16,nan,nan,nan,nan
189,4.725,1.114720381e-16,2.706168623e-16,nan,nan,nan,nan
190,4.75,1.114720381e-16,2.983724379e-16,nan,nan,nan,nan
191,4.775,1.080025912e-16,2.844946501e-16,nan,nan,nan,nan
192,4.8,9.239007987e-17,2.498001805e-16,nan,nan,nan,nan
193,4.825,9.500900249e-17,2.844946501e-16,nan,nan,nan,nan
194,4.85,1.109828117e-16,2.983724379e-16,nan,nan,nan,nan
195,4.875,1.179217056e-16,2.844946501e-16,nan,nan,nan,nan
196,4.9,1.248605995e-16,2.914335440e-16,nan,nan,nan,nan
197,4.925,1.491467282e-16,3.122502257e-16,nan,nan,nan,nan
198,4.95,1.595550690e-16,3.261280135e-16,nan,nan,nan,nan
199,4.975,1.664939629e-16,3.400058013e-16,nan,nan,nan,nan
200,5,1.630245160e-16,3.400058013e-16,nan,nan,nan,nan
201,5.025,1.630245160e-16,3.400058013e-16,nan,nan,nan,nan
202,5.05,1.595550690e-16,3.330669074e-16,nan,nan,nan,nan
203,5.075,1.721425456e-16,3.261280135e-16,nan,nan,nan,nan
204,5.1,1.929592273e-16,3.191891196e-16,nan,nan,nan,nan
205,5.125,1.764242963e-16,3.330669074e-16,nan,nan,nan,nan
206,5.15,1.798937432e-16,3.330669074e-16,nan,nan,nan,nan
207,5.175,1.669383752e-16,3.816391647e-16,nan,nan,nan,nan
208,5.2,1.625465085e-16,4.024558464e-16,nan,nan,nan,nan
209,5.225,1.903020841e-16,4.163336342e-16,nan,nan,nan,nan
210,5.25,1.798937432e-16,4.440892099e-16,nan,nan,nan,nan
211,5.275,1.586988113e-16,4.163336342e-16,nan,nan,nan,nan
212,5.3,1.445068623e-16,3.747002708e-16,nan,nan,nan,nan
213,5.325,1.396435170e-16,4.024558464e-16,nan,nan,nan,nan
214,5.35,1.361740700e-16,4.440892099e-16,nan,nan,nan,nan
215,5.375,1.715602745e-16,4.579669977e-16,nan,nan,nan,nan
216,5.4,2.062547440e-16,4.440892099e-16,nan,nan,nan,nan
217,5.425,2.236019787e-16,4.302114220e-16,nan,nan,nan,nan
218,5.45,2.236019787e-16,4.440892099e-16,nan,nan,nan,nan
219,5.475,2.236019787e-16,4.302114220e-16,nan,nan,nan,nan
220,5.5,2.236019787e-16,4.440892099e-16,nan,nan,nan,nan
221,5.525,2.409492135e-16,4.440892099e-16,nan,nan,nan,nan
222,5.55,2.340103196e-16,4.579669977e-16,nan,nan,nan,nan
223,5.575,2.261391225e-16,4.857225733e-16,nan,nan,nan,nan
224,5.6,2.226696755e-16,4.996003611e-16,nan,nan,nan,nan
225,5.625,2.264110209e-16,4.996003611e-16,nan,nan,nan,nan
226,5.65,2.611054904e-16,4.718447855e-16,nan,nan,nan,nan
227,5.675,2.645749374e-16,4.996003611e-16,nan,nan,nan,nan
228,5.7,2.472277026e-16,5.551115123e-16,nan,nan,nan,nan
229,5.725,2.368193618e-16,5.967448757e-16,nan,nan,nan,nan
230,5.75,2.472277026e-16,6.106226635e-16,nan,nan,nan,nan
231,5.775,2.402888087e-16,6.106226635e-16,nan,nan,nan,nan
232,5.8,2.264110209e-16,5.689893001e-16,nan,nan,nan,nan
233,5.825,2.021248923e-16,5.273559367e-16,nan,nan,nan,nan
234,5.85,2.300824203e-16,5.551115123e-16,nan,nan,nan,nan
235,5.875,2.404907612e-16,6.245004514e-16,nan,nan,nan,nan
236,5.9,2.613074429e-16,6.245004514e-16,nan,nan,nan,nan
237,5.925,2.613074429e-16,6.383782392e-16,nan,nan,nan,nan
238,5.95,2.890630185e-16,5.828670879e-16,nan,nan,nan,nan
239,5.975,3.237574880e-16,5.828670879e-16,nan,nan,nan,nan
240,6,3.237574880e-16,6.661338148e-16,nan,nan,nan,nan
241,6.025,3.098797002e-16,6.383782392e-16,nan,nan,nan,nan
242,6.05,3.054994128e-16,5.828670879e-16,nan,nan,nan,nan
243,6.075,3.193772006e-16,6.245004514e-16,nan,nan,nan,nan
244,6.1,3.263160945e-16,6.245004514e-16,nan,nan,nan,nan
245,6.125,3.332549884e-16,6.383782392e-16,nan,nan,nan,nan
246,6.15,3.193772006e-16,6.106226635e-16,nan,nan,nan,nan
247,6.175,2.638660494e-16,6.383782392e-16,nan,nan,nan,nan
248,6.2,2.871213381e-16,7.216449660e-16,nan,nan,nan,nan
249,6.225,3.009991259e-16,7.494005416e-16,nan,nan,nan,nan
250,6.25,2.732435503e-16,7.632783294e-16,nan,nan,nan,nan
251,6.275,2.663552083e-16,7.494005416e-16,nan,nan,nan,nan
252,6.3,2.871729773e-16,7.632783294e-16,nan,nan,nan,nan
253,6.325,2.740845864e-16,6.800116026e-16,nan,nan,nan,nan
254,6.35,3.018401620e-16,6.522560270e-16,nan,nan,nan,nan
255,6.375,2.954845828e-16,6.800116026e-16,nan,nan,nan,nan
256,6.4,3.440568401e-16,7.771561172e-16,nan,nan,nan,nan
257,6.425,3.856902035e-16,7.771561172e-16,nan,nan,nan,nan
258,6.45,3.995679913e-16,7.216449660e-16,nan,nan,nan,nan
259,6.475,3.787513096e-16,7.494005416e-16,nan,nan,nan,nan
260,6.5,3.787513096e-16,8.326672685e-16,nan,nan,nan,nan
261,6.525,4.550791426e-16,7.771561172e-16,nan,nan,nan,nan
262,6.55,4.342624609e-16,6.938893904e-16,nan,nan,nan,nan
263,6.575,3.938651986e-16,6.938893904e-16,nan,nan,nan,nan
264,6.6,3.869263047e-16,6.938893904e-16,nan,nan,nan,nan
265,6.625,4.106711801e-16,7.771561172e-16,nan,nan,nan,nan
266,6.65,4.384267557e-16,8.187894807e-16,nan,nan,nan,nan
267,6.675,3.759767106e-16,8.604228441e-16,nan,nan,nan,nan
268,6.7,3.829156045e-16,8.326672685e-16,nan,nan,nan,nan
269,6.725,4.661823314e-16,8.881784197e-16,nan,nan,nan,nan
270,6.75,4.869990131e-16,9.992007222e-16,nan,nan,nan,nan
271,6.775,3.829156045e-16,9.714451465e-16,nan,nan,nan,nan
272,6.8,3.152780880e-16,9.436895709e-16,nan,nan,nan,nan
273,6.825,3.177335334e-16,9.159339953e-16,nan,nan,nan,nan
274,6.85,3.192173842e-16,9.159339953e-16,nan,nan,nan,nan
275,6.875,3.536272579e-16,9.159339953e-16,nan,nan,nan,nan
276,6.9,4.160773030e-16,8.604228441e-16,nan,nan,nan,nan
277,6.925,4.577106664e-16,9.714451465e-16,nan,nan,nan,nan
278,6.95,4.646495603e-16,9.714451465e-16,nan,nan,nan,nan
279,6.975,4.577106664e-16,9.159339953e-16,nan,nan,nan,nan
280,7,4.924051360e-16,8.881784197e-16,nan,nan,nan,nan
281,7.025,4.924051360e-16,9.436895709e-16,nan,nan,nan,nan
282,7.05,5.374644676e-16,1.026956298e-15,nan,nan,nan,nan
283,7.075,5.444033615e-16,1.054711873e-15,nan,nan,nan,nan
284,7.1,4.819533164e-16,9.714451465e-16,nan,nan,nan,nan
285,7.125,4.888922103e-16,9.159339953e-16,nan,nan,nan,nan
286,7.15,5.305255737e-16,9.714451465e-16,nan,nan,nan,nan
287,7.175,4.505660361e-16,1.082467449e-15,nan,nan,nan,nan
288,7.2,4.794588035e-16,1.137978600e-15,nan,nan,nan,nan
289,7.225,4.794588035e-16,1.082467449e-15,nan,nan,nan,nan
290,7.25,4.308865462e-16,1.054711873e-15,nan,nan,nan,nan
291,7.275,4.436271422e-16,1.110223025e-15,nan,nan,nan,nan
292,7.3,4.720836578e-16,1.137978600e-15,nan,nan,nan,nan
293,7.325,4.163545789e-16,1.137978600e-15,nan,nan,nan,nan
294,7.35,4.129797327e-16,1.082467449e-15,nan,nan,nan,nan
295,7.375,4.017363957e-16,9.992007222e-16,nan,nan,nan,nan
296,7.4,4.572475469e-16,1.026956298e-15,nan,nan,nan,nan
297,7.425,5.266364860e-16,1.082467449e-15,nan,nan,nan,nan
298,7.45,5.405142738e-16,1.082467449e-15,nan,nan,nan,nan
299,7.475,5.960254250e-16,1.137978600e-15,nan,nan,nan,nan
300,7.5,6.099032128e-16,1.221245327e-15,nan,nan,nan,nan
301,7.525,5.960254250e-16,1.221245327e-15,nan,nan,nan,nan
302,7.55,5.682698494e-16,1.110223025e-15,nan,nan,nan,nan
303,7.575,5.043462478e-16,1.054711873e-15,nan,nan,nan,nan
304,7.6,5.779627275e-16,1.054711873e-15,nan,nan,nan,nan
305,7.625,5.459796113e-16,1.137978600e-15,nan,nan,nan,nan
306,7.65,5.157599256e-16,1.165734176e-15,nan,nan,nan,nan
307,7.675,6.153685503e-16,1.360023205e-15,nan,nan,nan,nan
308,7.7,6.847574893e-16,1.387778781e-15,nan,nan,nan,nan
309,7.725,5.876129747e-16,1.332267630e-15,nan,nan,nan,nan
310,7.75,4.974073539e-16,1.332267630e-15,nan,nan,nan,nan
311,7.775,5.321018234e-16,1.360023205e-15,nan,nan,nan,nan
312,7.8,5.321018234e-16,1.276756478e-15,nan,nan,nan,nan
313,7.825,4.286471216e-16,1.221245327e-15,nan,nan,nan,nan
314,7.85,4.297794640e-16,1.276756478e-15,nan,nan,nan,nan
315,7.875,4.991684030e-16,1.193489751e-15,nan,nan,nan,nan
316,7.9,6.108000132e-16,1.165734176e-15,nan,nan,nan,nan
317,7.925,6.801889522e-16,1.249000903e-15,nan,nan,nan,nan
318,7.95,6.524333766e-16,1.221245327e-15,nan,nan,nan,nan
319,7.975,5.969222254e-16,1.415534356e-15,nan,nan,nan,nan
320,8,6.104312738e-16,1.498801083e-15,nan,nan,nan,nan
321,8.025,6.524333766e-16,1.332267630e-15,nan,nan,nan,nan
322,8.05,7.079445279e-16,1.387778781e-15,nan,nan,nan,nan
323,8.075,6.038611193e-16,1.360023205e-15,nan,nan,nan,nan
324,8.1,6.381868494e-16,1.304512054e-15,nan,nan,nan,nan
325,8.125,6.936980007e-16,1.387778781e-15,nan,nan,nan,nan
326,8.15,7.145138345e-16,1.304512054e-15,nan,nan,nan,nan
327,8.175,7.283916223e-16,1.360023205e-15,nan,nan,nan,nan
328,8.2,5.896137442e-16,1.443289932e-15,nan,nan,nan,nan
329,8.225,6.455549182e-16,1.554312234e-15,nan,nan,nan,nan
330,8.25,6.594327060e-16,1.665334537e-15,nan,nan,nan,nan
331,8.275,7.075749406e-16,1.554312234e-15,nan,nan,nan,nan
332,8.3,5.341025930e-16,1.498801083e-15,nan,nan,nan,nan
333,8.325,6.130299402e-16,1.554312234e-15,nan,nan,nan,nan
334,8.35,5.969826608e-16,1.415534356e-15,nan,nan,nan,nan
335,8.375,5.713416527e-16,1.498801083e-15,nan,nan,nan,nan
336,8.4,7.057466849e-16,1.554312234e-15,nan,nan,nan,nan
337,8.425,8.584023507e-16,1.498801083e-15,nan,nan,nan,nan
338,8.45,8.445245629e-16,1.498801083e-15,nan,nan,nan,nan
339,8.475,8.028911995e-16,1.720845688e-15,nan,nan,nan,nan
340,8.5,7.841779807e-16,1.609823386e-15,nan,nan,nan,nan
341,8.525,8.167689873e-16,1.443289932e-15,nan,nan,nan,nan
342,8.55,8.028911995e-16,1.471045508e-15,nan,nan,nan,nan
343,8.575,8.028911995e-16,1.665334537e-15,nan,nan,nan,nan
344,8.6,9.229558587e-16,1.498801083e-15,nan,nan,nan,nan
345,8.625,8.396891319e-16,1.498801083e-15,nan,nan,nan,nan
346,8.65,7.657473916e-16,1.498801083e-15,nan,nan,nan,nan
347,8.675,6.408473013e-16,1.554312234e-15,nan,nan,nan,nan
348,8.7,6.824806648e-16,1.665334537e-15,nan,nan,nan,nan
349,8.725,8.767696941e-16,1.720845688e-15,nan,nan,nan,nan
350,8.75,8.073807550e-16,1.554312234e-15,nan,nan,nan,nan
351,8.775,6.197316846e-16,1.665334537e-15,nan,nan,nan,nan
352,8.8,6.891206237e-16,1.720845688e-15,nan,nan,nan,nan
353,8.825,6.742623834e-16,1.554312234e-15,nan,nan,nan,nan
354,8.85,6.144863006e-16,1.720845688e-15,nan,nan,nan,nan
355,8.875,6.613650481e-16,1.609823386e-15,nan,nan,nan,nan
356,8.9,7.542584655e-16,1.609823386e-15,nan,nan,nan,nan
357,8.925,7.255086030e-16,1.720845688e-15,nan,nan,nan,nan
358,8.95,7.671419665e-16,1.831867991e-15,nan,nan,nan,nan
359,8.975,7.532641787e-16,1.887379142e-15,nan,nan,nan,nan
360,9,8.226531177e-16,1.776356839e-15,nan,nan,nan,nan
361,9.025,7.671419665e-16,1.720845688e-15,nan,nan,nan,nan
362,9.05,8.084065905e-16,1.776356839e-15,nan,nan,nan,nan
363,9.075,9.610622564e-16,1.582067810e-15,nan,nan,nan,nan
364,9.1,8.475196341e-16,1.720845688e-15,nan,nan,nan,nan
365,9.125,7.920084828e-16,1.831867991e-15,nan,nan,nan,nan
366,9.15,8.590379841e-16,1.831867991e-15,nan,nan,nan,nan
367,9.175,8.174046206e-16,1.776356839e-15,nan,nan,nan,nan
368,9.2,7.920084828e-16,1.665334537e-15,nan,nan,nan,nan
369,9.225,8.451601963e-16,1.998401444e-15,nan,nan,nan,nan
370,9.25,8.867935597e-16,2.331468352e-15,nan,nan,nan,nan
371,9.275,6.916925993e-16,2.109423747e-15,nan,nan,nan,nan
372,9.3,7.008401048e-16,1.887379142e-15,nan,nan,nan,nan
373,9.325,7.503972682e-16,1.887379142e-15,nan,nan,nan,nan
374,9.35,7.726419589e-16,1.720845688e-15,nan,nan,nan,nan
375,9.375,7.367954096e-16,1.831867991e-15,nan,nan,nan,nan
376,9.4,7.310085955e-16,1.831867991e-15,nan,nan,nan,nan
377,9.425,9.252976248e-16,1.776356839e-15,nan,nan,nan,nan
378,9.45,1.105708866e-15,1.887379142e-15,nan,nan,nan,nan
379,9.475,1.036319927e-15,1.942890293e-15,nan,nan,nan,nan
380,9.5,9.362915455e-16,1.998401444e-15,nan,nan,nan,nan
381,9.525,9.114198370e-16,1.887379142e-15,nan,nan,nan,nan
382,9.55,9.530532004e-16,1.665334537e-15,nan,nan,nan,nan
383,9.575,8.281531101e-16,1.582067810e-15,nan,nan,nan,nan
384,9.6,1.019558272e-15,1.776356839e-15,nan,nan,nan,nan
385,9.625,9.640471211e-16,1.942890293e-15,nan,nan,nan,nan
386,9.65,9.795520600e-16,1.942890293e-15,nan,nan,nan,nan
387,9.675,9.656742722e-16,1.887379142e-15,nan,nan,nan,nan
388,9.7,8.095229336e-16,1.942890293e-15,nan,nan,nan,nan
389,9.725,7.575074551e-16,1.942890293e-15,nan,nan,nan,nan
390,9.75,8.824075454e-16,2.053912596e-15,nan,nan,nan,nan
391,9.775,8.962853332e-16,2.164934898e-15,nan,nan,nan,nan
392,9.8,7.123784189e-16,2.053912596e-15,nan,nan,nan,nan
393,9.825,6.395462587e-16,1.942890293e-15,nan,nan,nan,nan
394,9.85,7.496094783e-16,1.776356839e-15,nan,nan,nan,nan
395,9.875,8.183096764e-16,1.998401444e-15,nan,nan,nan,nan
396,9.9,8.527939381e-16,2.109423747e-15,nan,nan,nan,nan
397,9.925,9.499384527e-16,2.331468352e-15,nan,nan,nan,nan
398,9.95,9.083050893e-16,2.220446049e-15,nan,nan,nan,nan
399,9.975,9.360606649e-16,2.053912596e-15,nan,nan,nan,nan
400,10,9.360606649e-16,1.942890293e-15,nan,nan,nan,nan
401,10.025,9.342824627e-16,2.220446049e-15,nan,nan,nan,nan
402,10.05,9.204046749e-16,1.998401444e-15,nan,nan,nan,nan
403,10.075,1.045304765e-15,2.109423747e-15,nan,nan,nan,nan
404,10.1,1.156327068e-15,1.998401444e-15,nan,nan,nan,nan
405,10.125,9.065268871e-16,1.942890293e-15,nan,nan,nan,nan
406,10.15,8.577369415e-16,1.942890293e-15,nan,nan,nan,nan
407,10.175,9.620380383e-16,2.275957200e-15,nan,nan,nan,nan
408,10.2,8.732731639e-16,2.331468352e-15,nan,nan,nan,nan
409,10.225,1.010392607e-15,2.164934898e-15,nan,nan,nan,nan
410,10.25,9.687592439e-16,2.220446049e-15,nan,nan,nan,nan
411,10.275,8.161035780e-16,2.442490654e-15,nan,nan,nan,nan
412,10.3,8.883077846e-16,2.331468352e-15,nan,nan,nan,nan
413,10.325,8.466744212e-16,2.220446049e-15,nan,nan,nan,nan
414,10.35,9.451791894e-16,2.164934898e-15,nan,nan,nan,nan
415,10.375,9.854708454e-16,2.109423747e-15,nan,nan,nan,nan
416,10.4,9.299596941e-16,2.109423747e-15,nan,nan,nan,nan
417,10.425,8.896680381e-16,2.053912596e-15,nan,nan,nan,nan
418,10.45,9.174236137e-16,2.109423747e-15,nan,nan,nan,nan
419,10.475,1.152004299e-15,2.275957200e-15,nan,nan,nan,nan
420,10.5,1.235271026e-15,1.831867991e-15,nan,nan,nan,nan
421,10.525,1.161697177e-15,1.998401444e-15,nan,nan,nan,nan
422,10.55,1.040981997e-15,1.942890293e-15,nan,nan,nan,nan
423,10.575,9.299596941e-16,2.053912596e-15,nan,nan,nan,nan
424,10.6,9.118969966e-16,2.386979503e-15,nan,nan,nan,nan
425,10.625,1.133941602e-15,2.053912596e-15,nan,nan,nan,nan
426,10.65,1.043845249e-15,1.942890293e-15,nan,nan,nan,nan
427,10.675,1.043845249e-15,2.053912596e-15,nan,nan,nan,nan
428,10.7,1.002211885e-15,2.331468352e-15,nan,nan,nan,nan
429,10.725,9.605785220e-16,2.220446049e-15,nan,nan,nan,nan
430,10.75,8.911895830e-16,2.164934898e-15,nan,nan,nan,nan
431,10.775,1.016089673e-15,2.498001805e-15,nan,nan,nan,nan
432,10.8,9.883340976e-16,2.553512957e-15,nan,nan,nan,nan
433,10.825,9.519312303e-16,2.498001805e-15,nan,nan,nan,nan
434,10.85,9.380534425e-16,2.220446049e-15,nan,nan,nan,nan
435,10.875,9.444135552e-16,2.275957200e-15,nan,nan,nan,nan
436,10.9,1.179355632e-15,2.442490654e-15,nan,nan,nan,nan
437,10.925,1.165477845e-15,2.498001805e-15,nan,nan,nan,nan
438,10.95,1.041636766e-15,2.053912596e-15,nan,nan,nan,nan
439,10.975,1.026699967e-15,2.386979503e-15,nan,nan,nan,nan
440,11,1.068333330e-15,2.609024108e-15,nan,nan,nan,nan
441,11.025,1.097069221e-15,2.331468352e-15,nan,nan,nan,nan
442,11.05,1.179355632e-15,2.109423747e-15,nan,nan,nan,nan
443,11.075,1.138329312e-15,2.164934898e-15,nan,nan,nan,nan
444,11.1,1.249351614e-15,1.998401444e-15,nan,nan,nan,nan
445,11.125,1.078491215e-15,2.109423747e-15,nan,nan,nan,nan
446,11.15,1.022807943e-15,2.220446049e-15,nan,nan,nan,nan
447,11.175,1.268107464e-15,2.442490654e-15,nan,nan,nan,nan
448,11.2,1.157085161e-15,2.664535259e-15,nan,nan,nan,nan
449,11.225,8.914971185e-16,2.609024108e-15,nan,nan,nan,nan
450,11.25,9.006872661e-16,2.442490654e-15,nan,nan,nan,nan
451,11.275,9.697608698e-16,2.331468352e-15,nan,nan,nan,nan
452,11.3,1.084223117e-15,2.498001805e-15,nan,nan,nan,nan
453,11.325,9.315674513e-16,2.609024108e-15,nan,nan,nan,nan
454,11.35,8.625290400e-16,2.609024108e-15,nan,nan,nan,nan
455,11.375,1.025272021e-15,2.664535259e-15,nan,nan,nan,nan
456,11.4,1.120121912e-15,2.553512957e-15,nan,nan,nan,nan
457,11.425,1.284222754e-15,2.386979503e-15,nan,nan,nan,nan
458,11.45,1.117689300e-15,2.386979503e-15,nan,nan,nan,nan
459,11.475,1.062178149e-15,2.220446049e-15,nan,nan,nan,nan
460,11.5,1.117689300e-15,2.220446049e-15,nan,nan,nan,nan
461,11.525,9.927892100e-16,2.498001805e-15,nan,nan,nan,nan
462,11.55,1.023171553e-15,2.386979503e-15,nan,nan,nan,nan
463,11.575,1.146518347e-15,2.109423747e-15,nan,nan,nan,nan
464,11.6,1.118762771e-15,2.109423747e-15,nan,nan,nan,nan
465,11.625,1.157251651e-15,2.164934898e-15,nan,nan,nan,nan
466,11.65,1.207885038e-15,2.331468352e-15,nan,nan,nan,nan
467,11.675,1.346662916e-15,2.275957200e-15,nan,nan,nan,nan
468,11.7,1.152373886e-15,2.386979503e-15,nan,nan,nan,nan
469,11.725,1.110740523e-15,2.442490654e-15,nan,nan,nan,nan
470,11.75,1.152373886e-15,2.553512957e-15,nan,nan,nan,nan
471,11.775,9.939305211e-16,2.997602166e-15,nan,nan,nan,nan
472,11.8,9.164514936e-16,2.553512957e-15,nan,nan,nan,nan
473,11.825,8.570538424e-16,2.220446049e-15,nan,nan,nan,nan
474,11.85,9.336339328e-16,2.220446049e-15,nan,nan,nan,nan
475,11.875,1.040933697e-15,2.164934898e-15,nan,nan,nan,nan
476,11.9,1.141009010e-15,2.442490654e-15,nan,nan,nan,nan
477,11.925,1.089531397e-15,2.275957200e-15,nan,nan,nan,nan
478,11.95,1.170438070e-15,2.331468352e-15,nan,nan,nan,nan
479,11.975,1.198193645e-15,2.609024108e-15,nan,nan,nan,nan
480,12,1.065003942e-15,2.609024108e-15,nan,nan,nan,nan
481,12.025,1.128804706e-15,2.553512957e-15,nan,nan,nan,nan
482,12.05,1.317053263e-15,2.553512957e-15,nan,nan,nan,nan
483,12.075,1.261542112e-15,2.164934898e-15,nan,nan,nan,nan
484,12.1,1.122764234e-15,2.386979503e-15,nan,nan,nan,nan
485,12.125,1.192153173e-15,2.220446049e-15,nan,nan,nan,nan
486,12.15,1.164397598e-15,2.386979503e-15,nan,nan,nan,nan
487,12.175,1.090514374e-15,2.664535259e-15,nan,nan,nan,nan
488,12.2,1.029235229e-15,2.553512957e-15,nan,nan,nan,nan
489,12.225,1.094137061e-15,2.331468352e-15,nan,nan,nan,nan
490,12.25,1.080259273e-15,2.331468352e-15,nan,nan,nan,nan
491,12.275,1.085776331e-15,2.720046410e-15,nan,nan,nan,nan
492,12.3,9.220088571e-16,2.942091015e-15,nan,nan,nan,nan
493,12.325,1.196123400e-15,2.553512957e-15,nan,nan,nan,nan
494,12.35,1.058754039e-15,2.498001805e-15,nan,nan,nan,nan
495,12.375,1.055876087e-15,2.886579864e-15,nan,nan,nan,nan
496,12.4,1.134596983e-15,2.831068713e-15,nan,nan,nan,nan
497,12.425,1.122120977e-15,2.664535259e-15,nan,nan,nan,nan
498,12.45,1.344165582e-15,2.553512957e-15,nan,nan,nan,nan
499,12.475,1.233143279e-15,2.498001805e-15,nan,nan,nan,nan
500,12.5,1.130207880e-15,2.331468352e-15,nan,nan,nan,nan
501,12.525,1.066609825e-15,2.386979503e-15,nan,nan,nan,nan
502,12.55,1.135998764e-15,2.553512957e-15,nan,nan,nan,nan
503,12.575,1.185719032e-15,2.609024108e-15,nan,nan,nan,nan
504,12.6,1.241022282e-15,2.164934898e-15,nan,nan,nan,nan
505,12.625,1.323664787e-15,2.442490654e-15,nan,nan,nan,nan
506,12.65,1.163226072e-15,2.386979503e-15,nan,nan,nan,nan
507,12.675,1.329759526e-15,2.664535259e-15,nan,nan,nan,nan
508,12.7,1.218737224e-15,2.720046410e-15,nan,nan,nan,nan
509,12.725,1.237823006e-15,2.775557562e-15,nan,nan,nan,nan
510,12.75,1.156628600e-15,2.386979503e-15,nan,nan,nan,nan
511,12.775,1.085153502e-15,2.553512957e-15,nan,nan,nan,nan
512,12.8,1.245782979e-15,2.553512957e-15,nan,nan,nan,nan
513,12.825,9.959827987e-16,2.498001805e-15,nan,nan,nan,nan
514,12.85,1.239895327e-15,2.609024108e-15,nan,nan,nan,nan
515,12.875,1.142750813e-15,2.553512957e-15,nan,nan,nan,nan
516,12.9,1.229621956e-15,2.553512957e-15,nan,nan,nan,nan
517,12.925,1.301316950e-15,2.386979503e-15,nan,nan,nan,nan
518,12.95,1.197393351e-15,2.664535259e-15,nan,nan,nan,nan
519,12.975,1.346340853e-15,2.386979503e-15,nan,nan,nan,nan
520,13,1.257377531e-15,2.553512957e-15,nan,nan,nan,nan
521,13.025,1.208509057e-15,2.775557562e-15,nan,nan,nan,nan
522,13.05,1.121145063e-15,2.831068713e-15,nan,nan,nan,nan
523,13.075,1.416762292e-15,2.442490654e-15,nan,nan,nan,nan
524,13.1,1.324702044e-15,2.886579864e-15,nan,nan,nan,nan
525,13.125,1.482756792e-15,2.831068713e-15,nan,nan,nan,nan
526,13.15,1.249262538e-15,2.442490654e-15,nan,nan,nan,nan
527,13.175,1.277984414e-15,2.386979503e-15,nan,nan,nan,nan
528,13.2,1.165046424e-15,2.720046410e-15,nan,nan,nan,nan
529,13.225,1.129440119e-15,2.553512957e-15,nan,nan,nan,nan
530,13.25,1.300290186e-15,2.553512957e-15,nan,nan,nan,nan
531,13.275,1.146285138e-15,2.498001805e-15,nan,nan,nan,nan
532,13.3,1.191418634e-15,2.553512957e-15,nan,nan,nan,nan
533,13.325,1.334396686e-15,2.775557562e-15,nan,nan,nan,nan
534,13.35,1.097766670e-15,2.720046410e-15,nan,nan,nan,nan
535,13.375,1.238403937e-15,2.498001805e-15,nan,nan,nan,nan
536,13.4,1.101613470e-15,2.331468352e-15,nan,nan,nan,nan
537,13.425,1.266614017e-15,2.609024108e-15,nan,nan,nan,nan
538,13.45,1.263156672e-15,2.664535259e-15,nan,nan,nan,nan
539,13.475,1.169717452e-15,2.720046410e-15,nan,nan,nan,nan
540,13.5,1.252984179e-15,2.664535259e-15,nan,nan,nan,nan
541,13.525,1.176069632e-15,2.664535259e-15,nan,nan,nan,nan
542,13.55,1.349866530e-15,2.386979503e-15,nan,nan,nan,nan
543,13.575,1.183333077e-15,2.442490654e-15,nan,nan,nan,nan
544,13.6,1.398114237e-15,2.386979503e-15,nan,nan,nan,nan
545,13.625,1.203825208e-15,2.164934898e-15,nan,nan,nan,nan
546,13.65,1.129298500e-15,2.331468352e-15,nan,nan,nan,nan
547,13.675,1.253612143e-15,2.664535259e-15,nan,nan,nan,nan
548,13.7,1.106680693e-15,2.553512957e-15,nan,nan,nan,nan
549,13.725,1.516415653e-15,2.553512957e-15,nan,nan,nan,nan
550,13.75,1.300632920e-15,2.831068713e-15,nan,nan,nan,nan
551,13.775,1.204415320e-15,3.053113318e-15,nan,nan,nan,nan
552,13.8,1.226844236e-15,3.164135620e-15,nan,nan,nan,nan
553,13.825,1.055767361e-15,2.831068713e-15,nan,nan,nan,nan
554,13.85,1.256440973e-15,2.442490654e-15,nan,nan,nan,nan
555,13.875,1.173893964e-15,2.664535259e-15,nan,nan,nan,nan
556,13.9,1.354305206e-15,2.609024108e-15,nan,nan,nan,nan
557,13.925,1.382060781e-15,2.331468352e-15,nan,nan,nan,nan
558,13.95,1.285704439e-15,2.386979503e-15,nan,nan,nan,nan
559,13.975,1.392762379e-15,2.664535259e-15,nan,nan,nan,nan
560,14,1.604105386e-15,2.664535259e-15,nan,nan,nan,nan
561,14.025,1.576349810e-15,2.775557562e-15,nan,nan,nan,nan
562,14.05,1.284916266e-15,2.609024108e-15,nan,nan,nan,nan
563,14.075,1.180552210e-15,2.664535259e-15,nan,nan,nan,nan
564,14.1,1.324752694e-15,2.664535259e-15,nan,nan,nan,nan
565,14.125,1.417061359e-15,2.609024108e-15,nan,nan,nan,nan
566,14.15,1.396802423e-15,2.442490654e-15,nan,nan,nan,nan
567,14.175,1.279719138e-15,2.386979503e-15,nan,nan,nan,nan
568,14.2,1.453996387e-15,2.442490654e-15,nan,nan,nan,nan
569,14.225,1.264105118e-15,2.386979503e-15,nan,nan,nan,nan
570,14.25,1.175290068e-15,2.775557562e-15,nan,nan,nan,nan
571,14.275,1.341349216e-15,2.498001805e-15,nan,nan,nan,nan
572,14.3,1.317524146e-15,2.275957200e-15,nan,nan,nan,nan
573,14.325,1.258749830e-15,2.664535259e-15,nan,nan,nan,nan
574,14.35,1.208043096e-15,2.386979503e-15,nan,nan,nan,nan
575,14.375,1.217177541e-15,2.275957200e-15,nan,nan,nan,nan
576,14.4,1.252868052e-15,2.664535259e-15,nan,nan,nan,nan
577,14.425,1.184718664e-15,2.997602166e-15,nan,nan,nan,nan
578,14.45,1.169481605e-15,2.775557562e-15,nan,nan,nan,nan
579,14.475,1.206449743e-15,2.720046410e-15,nan,nan,nan,nan
580,14.5,1.370520107e-15,2.997602166e-15,nan,nan,nan,nan
581,14.525,1.460888833e-15,2.775557562e-15,nan,nan,nan,nan
582,14.55,1.349677718e-15,2.609024108e-15,nan,nan,nan,nan
583,14.575,1.412208865e-15,2.331468352e-15,nan,nan,nan,nan
584,14.6,1.245675412e-15,2.220446049e-15,nan,nan,nan,nan
585,14.625,1.311078122e-15,2.386979503e-15,nan,nan,nan,nan
586,14.65,1.247457272e-15,2.442490654e-15,nan,nan,nan,nan
587,14.675,1.439263946e-15,2.775557562e-15,nan,nan,nan,nan
588,14.7,1.357695552e-15,2.553512957e-15,nan,nan,nan,nan
589,14.725,1.363690658e-15,2.553512957e-15,nan,nan,nan,nan
590,14.75,1.331160171e-15,2.775557562e-15,nan,nan,nan,nan
591,14.775,1.217280620e-15,2.775557562e-15,nan,nan,nan,nan
592,14.8,1.516377824e-15,2.664535259e-15,nan,nan,nan,nan
593,14.825,1.297822893e-15,2.664535259e-15,nan,nan,nan,nan
594,14.85,1.302172486e-15,2.553512957e-15,nan,nan,nan,nan
595,14.875,1.302661785e-15,2.386979503e-15,nan,nan,nan,nan
596,14.9,1.375338728e-15,2.831068713e-15,nan,nan,nan,nan
597,14.925,1.430849879e-15,2.720046410e-15,nan,nan,nan,nan
598,14.95,1.240005106e-15,2.498001805e-15,nan,nan,nan,nan
599,14.975,1.353157196e-15,2.775557562e-15,nan,nan,nan,nan
600,15,1.458605454e-15,2.831068713e-15,nan,nan,nan,nan
601,15.025,1.333705364e-15,2.664535259e-15,nan,nan,nan,nan
602,15.05,1.462593981e-15,2.386979503e-15,nan,nan,nan,nan
603,15.075,1.436423923e-15,2.498001805e-15,nan,nan,nan,nan
604,15.1,1.543418305e-15,2.609024108e-15,nan,nan,nan,nan
605,15.125,1.311523832e-15,2.331468352e-15,nan,nan,nan,nan
606,15.15,1.313388280e-15,2.386979503e-15,nan,nan,nan,nan
607,15.175,1.403090081e-15,2.664535259e-15,nan,nan,nan,nan
608,15.2,1.326756331e-15,2.498001805e-15,nan,nan,nan,nan
609,15.225,1.355927066e-15,2.664535259e-15,nan,nan,nan,nan
610,15.25,1.194717687e-15,2.275957200e-15,nan,nan,nan,nan
611,15.275,1.206194996e-15,2.442490654e-15,nan,nan,nan,nan
612,15.3,1.490393394e-15,2.609024108e-15,nan,nan,nan,nan
613,15.325,1.256239821e-15,2.386979503e-15,nan,nan,nan,nan
614,15.35,1.339209908e-15,2.664535259e-15,nan,nan,nan,nan
615,15.375,1.195471967e-15,2.275957200e-15,nan,nan,nan,nan
616,15.4,1.337750284e-15,2.664535259e-15,nan,nan,nan,nan
617,15.425,1.404645850e-15,2.664535259e-15,nan,nan,nan,nan
618,15.45,1.287284441e-15,2.831068713e-15,nan,nan,nan,nan
619,15.475,1.460364952e-15,3.108624469e-15,nan,nan,nan,nan
620,15.5,1.652732438e-15,3.497202528e-15,nan,nan,nan,nan
621,15.525,1.437198288e-15,3.219646771e-15,nan,nan,nan,nan
622,15.55,1.397226499e-15,2.720046410e-15,nan,nan,nan,nan
623,15.575,1.452924921e-15,2.831068713e-15,nan,nan,nan,nan
624,15.6,1.367645621e-15,2.553512957e-15,nan,nan,nan,nan
625,15.625,1.422810837e-15,2.720046410e-15,nan,nan,nan,nan
626,15.65,1.428351588e-15,2.275957200e-15,nan,nan,nan,nan
627,15.675,1.540784630e-15,2.664535259e-15,nan,nan,nan,nan
628,15.7,1.517403517e-15,3.053113318e-15,nan,nan,nan,nan
629,15.725,1.275273278e-15,2.720046410e-15,nan,nan,nan,nan
630,15.75,1.414086362e-15,2.942091015e-15,nan,nan,nan,nan
631,15.775,1.542996905e-15,3.386180225e-15,nan,nan,nan,nan
632,15.8,1.304362230e-15,2.942091015e-15,nan,nan,nan,nan
633,15.825,1.413854095e-15,2.442490654e-15,nan,nan,nan,nan
634,15.85,1.600717810e-15,2.553512957e-15,nan,nan,nan,nan
635,15.875,1.370036561e-15,2.498001805e-15,nan,nan,nan,nan
636,15.9,1.448910400e-15,2.775557562e-15,nan,nan,nan,nan
637,15.925,1.300419939e-15,2.720046410e-15,nan,nan,nan,nan
638,15.95,1.382989183e-15,2.609024108e-15,nan,nan,nan,nan
639,15.975,1.483325264e-15,2.664535259e-15,nan,nan,nan,nan
640,16,1.705369869e-15,2.553512957e-15,nan,nan,nan,nan
641,16.025,1.524324489e-15,2.664535259e-15,nan,nan,nan,nan
642,16.05,1.689813512e-15,2.442490654e-15,nan,nan,nan,nan
643,16.075,1.668864529e-15,2.720046410e-15,nan,nan,nan,nan
644,16.1,1.553134050e-15,2.442490654e-15,nan,nan,nan,nan
645,16.125,1.538451144e-15,2.886579864e-15,nan,nan,nan,nan
646,16.15,1.729609052e-15,2.609024108e-15,nan,nan,nan,nan
647,16.175,1.409286891e-15,2.942091015e-15,nan,nan,nan,nan
648,16.2,1.650336322e-15,2.664535259e-15,nan,nan,nan,nan
649,16.225,1.669336910e-15,2.942091015e-15,nan,nan,nan,nan
650,16.25,1.447267090e-15,3.108624469e-15,nan,nan,nan,nan
651,16.275,1.431393341e-15,2.886579864e-15,nan,nan,nan,nan
652,16.3,1.442872280e-15,2.886579864e-15,nan,nan,nan,nan
653,16.325,1.390399589e-15,2.664535259e-15,nan,nan,nan,nan
654,16.35,1.300449213e-15,2.386979503e-15,nan,nan,nan,nan
655,16.375,1.604109836e-15,2.609024108e-15,nan,nan,nan,nan
656,16.4,1.406174454e-15,2.997602166e-15,nan,nan,nan,nan
657,16.425,1.542296708e-15,3.053113318e-15,nan,nan,nan,nan
658,16.45,1.465546721e-15,3.164135620e-15,nan,nan,nan,nan
659,16.475,1.451113506e-15,3.219646771e-15,nan,nan,nan,nan
660,16.5,1.442268829e-15,2.886579864e-15,nan,nan,nan,nan
661,16.525,1.377036328e-15,2.831068713e-15,nan,nan,nan,nan
662,16.55,1.471592561e-15,2.831068713e-15,nan,nan,nan,nan
663,16.575,1.452115626e-15,2.498001805e-15,nan,nan,nan,nan
664,16.6,1.497418701e-15,2.386979503e-15,nan,nan,nan,nan
665,16.625,1.818541878e-15,2.664535259e-15,nan,nan,nan,nan
666,16.65,1.756392412e-15,2.886579864e-15,nan,nan,nan,nan
667,16.675,1.416384609e-15,2.609024108e-15,nan,nan,nan,nan
668,16.7,1.539964051e-15,2.997602166e-15,nan,nan,nan,nan
669,16.725,1.697701353e-15,2.720046410e-15,nan,nan,nan,nan
670,16.75,1.598903647e-15,2.831068713e-15,nan,nan,nan,nan
671,16.775,1.328457630e-15,3.053113318e-15,nan,nan,nan,nan
672,16.8,1.747256753e-15,2.886579864e-15,nan,nan,nan,nan
673,16.825,1.722118581e-15,2.831068713e-15,nan,nan,nan,nan
674,16.85,1.450451580e-15,2.609024108e-15,nan,nan,nan,nan
675,16.875,1.589199306e-15,2.831068713e-15,nan,nan,nan,nan
676,16.9,1.487064947e-15,2.942091015e-15,nan,nan,nan,nan
677,16.925,1.807501714e-15,2.775557562e-15,nan,nan,nan,nan
678,16.95,1.686062037e-15,2.720046410e-15,nan,nan,nan,nan
679,16.975,1.588009528e-15,2.775557562e-15,nan,nan,nan,nan
680,17,1.435349491e-15,2.664535259e-15,nan,nan,nan,nan
681,17.025,1.540190223e-15,2.442490654e-15,nan,nan,nan,nan
682,17.05,1.465855347e-15,2.720046410e-15,nan,nan,nan,nan
683,17.075,1.566183378e-15,2.553512957e-15,nan,nan,nan,nan
684,17.1,1.659445323e-15,2.664535259e-15,nan,nan,nan,nan
685,17.125,1.656116899e-15,2.775557562e-15,nan,nan,nan,nan
686,17.15,1.562479064e-15,2.609024108e-15,nan,nan,nan,nan
687,17.175,1.665328012e-15,2.609024108e-15,nan,nan,nan,nan
688,17.2,1.478530100e-15,2.609024108e-15,nan,nan,nan,nan
689,17.225,1.443115583e-15,2.942091015e-15,nan,nan,nan,nan
690,17.25,1.499447598e-15,3.219646771e-15,nan,nan,nan,nan
691,17.275,1.490780502e-15,3.275157923e-15,nan,nan,nan,nan
692,17.3,1.548455414e-15,2.664535259e-15,nan,nan,nan,nan
693,17.325,1.667753687e-15,2.553512957e-15,nan,nan,nan,nan
694,17.35,1.687152488e-15,2.498001805e-15,nan,nan,nan,nan
695,17.375,1.668349712e-15,2.442490654e-15,nan,nan,nan,nan
696,17.4,1.498134930e-15,2.831068713e-15,nan,nan,nan,nan
697,17.425,1.687739945e-15,3.053113318e-15,nan,nan,nan,nan
698,17.45,1.443804989e-15,3.164135620e-15,nan,nan,nan,nan
699,17.475,1.636086921e-15,3.441691376e-15,nan,nan,nan,nan
700,17.5,1.768593066e-15,3.608224830e-15,nan,nan,nan,nan
701,17.525,1.928467586e-15,2.942091015e-15,nan,nan,nan,nan
702,17.55,1.445206125e-15,2.498001805e-15,nan,nan,nan,nan
703,17.575,1.825279702e-15,2.775557562e-15,nan,nan,nan,nan
704,17.6,1.636391291e-15,2.775557562e-15,nan,nan,nan,nan
705,17.625,1.734130546e-15,2.831068713e-15,nan,nan,nan,nan
706,17.65,1.447596533e-15,2.942091015e-15,nan,nan,nan,nan
707,17.675,1.506496523e-15,3.219646771e-15,nan,nan,nan,nan
708,17.7,1.643454705e-15,3.386180225e-15,nan,nan,nan,nan
709,17.725,1.567597093e-15,2.775557562e-15,nan,nan,nan,nan
710,17.75,1.501776875e-15,3.219646771e-15,nan,nan,nan,nan
711,17.775,1.501380992e-15,3.386180225e-15,nan,nan,nan,nan
712,17.8,1.707759259e-15,2.609024108e-15,nan,nan,nan,nan
713,17.825,1.592734183e-15,3.164135620e-15,nan,nan,nan,nan
714,17.85,1.651975850e-15,3.275157923e-15,nan,nan,nan,nan
715,17.875,1.818263600e-15,3.386180225e-15,nan,nan,nan,nan
716,17.9,1.841051789e-15,2.831068713e-15,nan,nan,nan,nan
717,17.925,1.612562163e-15,2.609024108e-15,nan,nan,nan,nan
718,17.95,1.727281964e-15,2.609024108e-15,nan,nan,nan,nan
719,17.975,1.683753447e-15,2.442490654e-15,nan,nan,nan,nan
720,18,1.695828890e-15,3.053113318e-15,nan,nan,nan,nan
721,18.025,1.709706678e-15,2.664535259e-15,nan,nan,nan,nan
722,18.05,1.732938585e-15,2.609024108e-15,nan,nan,nan,nan
723,18.075,1.614520769e-15,2.775557562e-15,nan,nan,nan,nan
724,18.1,1.678747167e-15,2.720046410e-15,nan,nan,nan,nan
725,18.125,1.571753348e-15,2.386979503e-15,nan,nan,nan,nan
726,18.15,1.714944964e-15,2.831068713e-15,nan,nan,nan,nan
727,18.175,1.764486344e-15,2.775557562e-15,nan,nan,nan,nan
728,18.2,1.482879504e-15,2.831068713e-15,nan,nan,nan,nan
729,18.225,1.715113855e-15,2.942091015e-15,nan,nan,nan,nan
730,18.25,1.590213765e-15,3.053113318e-15,nan,nan,nan,nan
731,18.275,1.518511282e-15,2.997602166e-15,nan,nan,nan,nan
732,18.3,1.588526998e-15,2.720046410e-15,nan,nan,nan,nan
733,18.325,1.575898815e-15,2.609024108e-15,nan,nan,nan,nan
734,18.35,1.679946929e-15,3.053113318e-15,nan,nan,nan,nan
735,18.375,1.616789355e-15,2.720046410e-15,nan,nan,nan,nan
736,18.4,1.599363858e-15,3.719247132e-15,nan,nan,nan,nan
737,18.425,1.648810222e-15,3.608224830e-15,nan,nan,nan,nan
738,18.45,2.029609023e-15,3.330669074e-15,nan,nan,nan,nan
739,18.475,1.990429712e-15,2.997602166e-15,nan,nan,nan,nan
740,18.5,1.587279549e-15,3.275157923e-15,nan,nan,nan,nan
741,18.525,1.765445078e-15,3.219646771e-15,nan,nan,nan,nan
742,18.55,1.962574503e-15,2.775557562e-15,nan,nan,nan,nan
743,18.575,1.914718868e-15,2.331468352e-15,nan,nan,nan,nan
744,18.6,1.732409226e-15,3.108624469e-15,nan,nan,nan,nan
745,18.625,1.721919950e-15,3.275157923e-15,nan,nan,nan,nan
746,18.65,1.566223600e-15,2.942091015e-15,nan,nan,nan,nan
747,18.675,1.509763832e-15,3.608224830e-15,nan,nan,nan,nan
748,18.7,1.641670377e-15,3.275157923e-15,nan,nan,nan,nan
749,18.725,1.580727287e-15,3.219646771e-15,nan,nan,nan,nan
750,18.75,1.678667343e-15,3.663735981e-15,nan,nan,nan,nan
751,18.775,2.010064321e-15,3.330669074e-15,nan,nan,nan,nan
752,18.8,1.891909383e-15,2.831068713e-15,nan,nan,nan,nan
753,18.825,1.698721056e-15,2.664535259e-15,nan,nan,nan,nan
754,18.85,1.927969261e-15,2.886579864e-15,nan,nan,nan,nan
755,18.875,1.869118723e-15,2.997602166e-15,nan,nan,nan,nan
756,18.9,1.812612274e-15,3.386180225e-15,nan,nan,nan,nan
757,18.925,1.894901753e-15,2.664535259e-15,nan,nan,nan,nan
758,18.95,1.965578390e-15,2.609024108e-15,nan,nan,nan,nan
759,18.975,1.826800512e-15,2.997602166e-15,nan,nan,nan,nan
760,19,1.826475823e-15,3.053113318e-15,nan,nan,nan,nan
761,19.025,1.741157155e-15,2.609024108e-15,nan,nan,nan,nan
762,19.05,1.826800512e-15,2.664535259e-15,nan,nan,nan,nan
763,19.075,1.915963847e-15,2.720046410e-15,nan,nan,nan,nan
764,19.1,1.844167322e-15,2.553512957e-15,nan,nan,nan,nan
765,19.125,1.662079615e-15,2.609024108e-15,nan,nan,nan,nan
766,19.15,1.706665952e-15,2.720046410e-15,nan,nan,nan,nan
767,19.175,1.744577988e-15,2.664535259e-15,nan,nan,nan,nan
768,19.2,1.594688348e-15,3.108624469e-15,nan,nan,nan,nan
769,19.225,1.802367938e-15,3.497202528e-15,nan,nan,nan,nan
770,19.25,2.112261352e-15,3.330669074e-15,nan,nan,nan,nan
771,19.275,1.929591007e-15,2.553512957e-15,nan,nan,nan,nan
772,19.3,1.710062761e-15,2.553512957e-15,nan,nan,nan,nan
773,19.325,2.035136492e-15,2.498001805e-15,nan,nan,nan,nan
774,19.35,1.715749611e-15,2.886579864e-15,nan,nan,nan,nan
775,19.375,1.945984382e-15,3.219646771e-15,nan,nan,nan,nan
776,19.4,1.793528710e-15,3.108624469e-15,nan,nan,nan,nan
777,19.425,1.903438765e-15,3.830269435e-15,nan,nan,nan,nan
778,19.45,2.075835767e-15,3.330669074e-15,nan,nan,nan,nan
779,19.475,1.878360932e-15,2.886579864e-15,nan,nan,nan,nan
780,19.5,1.782040443e-15,2.609024108e-15,nan,nan,nan,nan
781,19.525,1.634722143e-15,3.552713679e-15,nan,nan,nan,nan
782,19.55,2.101008158e-15,3.386180225e-15,nan,nan,nan,nan
783,19.575,2.084216519e-15,2.886579864e-15,nan,nan,nan,nan
784,19.6,1.852161795e-15,2.997602166e-15,nan,nan,nan,nan
785,19.625,2.114078210e-15,2.498001805e-15,nan,nan,nan,nan
786,19.65,1.849107318e-15,2.831068713e-15,nan,nan,nan,nan
787,19.675,2.226991535e-15,3.219646771e-15,nan,nan,nan,nan
788,19.7,1.910453154e-15,3.275157923e-15,nan,nan,nan,nan
789,19.725,1.861165438e-15,3.053113318e-15,nan,nan,nan,nan
790,19.75,1.955482543e-15,3.719247132e-15,nan,nan,nan,nan
791,19.775,1.668354008e-15,3.608224830e-15,nan,nan,nan,nan
792,19.8,2.367804847e-15,2.775557562e-15,nan,nan,nan,nan
793,19.825,2.074973950e-15,2.942091015e-15,nan,nan,nan,nan
794,19.85,1.840694990e-15,2.886579864e-15,nan,nan,nan,nan
795,19.875,2.105537063e-15,3.053113318e-15,nan,nan,nan,nan
796,19.9,1.986323041e-15,3.275157923e-15,nan,nan,nan,nan
797,19.925,1.807560443e-15,2.942091015e-15,nan,nan,nan,nan
798,19.95,1.815583974e-15,3.053113318e-15,nan,nan,nan,nan
799,19.975,2.187032714e-15,2.831068713e-15,nan,nan,nan,nan
800,20,1.871116966e-15,2.831068713e-15,nan,nan,nan,nan
801,20.025,2.076338072e-15,3.164135620e-15,nan,nan,nan,nan
802,20.05,2.350731480e-15,3.108624469e-15,nan,nan,nan,nan
803,20.075,1.857393519e-15,2.775557562e-15,nan,nan,nan,nan
804,20.1,2.086888527e-15,3.497202528e-15,nan,nan,nan,nan
805,20.125,2.112309849e-15,3.941291737e-15,nan,nan,nan,nan
806,20.15,2.120061079e-15,3.386180225e-15,nan,nan,nan,nan
807,20.175,2.180275950e-15,2.831068713e-15,nan,nan,nan,nan
808,20.2,2.130296204e-15,2.775557562e-15,nan,nan,nan,nan
809,20.225,1.919889520e-15,2.775557562e-15,nan,nan,nan,nan
810,20.25,2.250255587e-15,2.886579864e-15,nan,nan,nan,nan
811,20.275,2.229257755e-15,2.886579864e-15,nan,nan,nan,nan
812,20.3,1.869648916e-15,2.886579864e-15,nan,nan,nan,nan
813,20.325,2.125648119e-15,2.775557562e-15,nan,nan,nan,nan
814,20.35,2.047669306e-15,3.108624469e-15,nan,nan,nan,nan
815,20.375,1.788412037e-15,3.275157923e-15,nan,nan,nan,nan
816,20.4,1.848182718e-15,2.997602166e-15,nan,nan,nan,nan
817,20.425,2.212123713e-15,3.108624469e-15,nan,nan,nan,nan
818,20.45,1.824302716e-15,2.775557562e-15,nan,nan,nan,nan
819,20.475,1.936744477e-15,3.164135620e-15,nan,nan,nan,nan
820,20.5,1.994087272e-15,3.219646771e-15,nan,nan,nan,nan
821,20.525,2.009647815e-15,3.164135620e-15,nan,nan,nan,nan
822,20.55,2.160015079e-15,3.386180225e-15,nan,nan,nan,nan
823,20.575,2.185829277e-15,2.886579864e-15,nan,nan,nan,nan
824,20.6,1.977429804e-15,2.886579864e-15,nan,nan,nan,nan
825,20.625,1.900056564e-15,2.942091015e-15,nan,nan,nan,nan
826,20.65,2.051954497e-15,3.219646771e-15,nan,nan,nan,nan
827,20.675,1.894828239e-15,3.053113318e-15,nan,nan,nan,nan
828,20.7,2.123346354e-15,3.275157923e-15,nan,nan,nan,nan
829,20.725,1.892217058e-15,3.108624469e-15,nan,nan,nan,nan
830,20.75,2.384373864e-15,2.997602166e-15,nan,nan,nan,nan
831,20.775,1.917983697e-15,2.664535259e-15,nan,nan,nan,nan
832,20.8,2.030114662e-15,2.775557562e-15,nan,nan,nan,nan
833,20.825,2.135531278e-15,2.720046410e-15,nan,nan,nan,nan
834,20.85,1.964795784e-15,3.108624469e-15,nan,nan,nan,nan
835,20.875,2.065077410e-15,3.330669074e-15,nan,nan,nan,nan
836,20.9,2.327512950e-15,3.330669074e-15,nan,nan,nan,nan
837,20.925,2.264474863e-15,2.942091015e-15,nan,nan,nan,nan
838,20.95,2.126420837e-15,2.657596365e-15,nan,nan,nan,nan
839,20.975,2.226901631e-15,2.775557562e-15,nan,nan,nan,nan
840,21,1.840208301e-15,3.108624469e-15,nan,nan,nan,nan
841,21.025,2.191483078e-15,2.942091015e-15,nan,nan,nan,nan
842,21.05,1.989659108e-15,2.942091015e-15,nan,nan,nan,nan
843,21.075,2.190648560e-15,2.814933762e-15,nan,nan,nan,nan
844,21.1,2.348607127e-15,3.830269435e-15,nan,nan,nan,nan
845,21.125,2.195425446e-15,3.996802889e-15,nan,nan,nan,nan
846,21.15,2.184767421e-15,3.885780586e-15,nan,nan,nan,nan
847,21.175,2.201593651e-15,3.164135620e-15,nan,nan,nan,nan
848,21.2,2.185890896e-15,3.219646771e-15,nan,nan,nan,nan
849,21.225,2.079055926e-15,3.108624469e-15,nan,nan,nan,nan
850,21.25,2.189976395e-15,2.720046410e-15,nan,nan,nan,nan
851,21.275,2.337984161e-15,3.164135620e-15,nan,nan,nan,nan
852,21.3,2.137724741e-15,3.386180225e-15,nan,nan,nan,nan
853,21.325,2.166416493e-15,3.663735981e-15,nan,nan,nan,nan
854,21.35,2.380534078e-15,2.886579864e-15,nan,nan,nan,nan
855,21.375,2.662109129e-15,2.609024108e-15,nan,nan,nan,nan
856,21.4,2.510719166e-15,2.553512957e-15,nan,nan,nan,nan
857,21.425,2.422322777e-15,3.108624469e-15,nan,nan,nan,nan
858,21.45,2.251648579e-15,3.219646771e-15,nan,nan,nan,nan
859,21.475,2.312408443e-15,3.608224830e-15,nan,nan,nan,nan
860,21.5,2.076681898e-15,3.330669074e-15,nan,nan,nan,nan
861,21.525,2.437622124e-15,3.219646771e-15,nan,nan,nan,nan
862,21.55,2.098857868e-15,3.053113318e-15,nan,nan,nan,nan
863,21.575,2.131204598e-15,2.664535259e-15,nan,nan,nan,nan
864,21.6,2.346800069e-15,2.831068713e-15,nan,nan,nan,nan
865,21.625,2.004640811e-15,2.886579864e-15,nan,nan,nan,nan
866,21.65,2.147770986e-15,3.774758284e-15,nan,nan,nan,nan
867,21.675,2.151853041e-15,3.830269435e-15,nan,nan,nan,nan
868,21.7,2.178551555e-15,3.663735981e-15,nan,nan,nan,nan
869,21.725,2.156590170e-15,3.663735981e-15,nan,nan,nan,nan
870,21.75,2.224836854e-15,3.830269435e-15,nan,nan,nan,nan
871,21.775,2.078880719e-15,3.330669074e-15,nan,nan,nan,nan
872,21.8,2.245521867e-15,2.886579864e-15,nan,nan,nan,nan
873,21.825,2.208226525e-15,3.108624469e-15,nan,nan,nan,nan
874,21.85,2.137225729e-15,3.552713679e-15,nan,nan,nan,nan
875,21.875,2.298184005e-15,3.441691376e-15,nan,nan,nan,nan
876,21.9,2.153974543e-15,3.219646771e-15,nan,nan,nan,nan
877,21.925,2.292091784e-15,3.164135620e-15,nan,nan,nan,nan
878,21.95,2.859906970e-15,3.497202528e-15,nan,nan,nan,nan
879,21.975,2.992535191e-15,3.719247132e-15,nan,nan,nan,nan
880,22,3.411833277e-15,3.580469254e-15,nan,nan,nan,nan
881,22.025,4.032490528e-15,4.107825191e-15,nan,nan,nan,nan
882,22.05,4.559879229e-15,4.912736884e-15,nan,nan,nan,nan
883,22.075,5.199459337e-15,6.272760089e-15,nan,nan,nan,nan
884,22.1,6.583850900e-15,7.369105326e-15,nan,nan,nan,nan
885,22.125,7.939958246e-15,9.159339953e-15,nan,nan,nan,nan
886,22.15,1.049152783e-14,1.171285291e-14,nan,nan,nan,nan
887,22.175,1.243316811e-14,1.383962389e-14,nan,nan,nan,nan
888,22.2,1.454371346e-14,1.633762570e-14,nan,nan,nan,nan
889,22.225,1.746551575e-14,1.811051309e-14,nan,nan,nan,nan
890,22.25,1.922478220e-14,2.167710456e-14,nan,nan,nan,nan
891,22.275,2.369036102e-14,2.720046410e-14,nan,nan,nan,nan
892,22.3,3.044431798e-14,3.597122600e-14,nan,nan,nan,nan
893,22.325,4.021405374e-14,4.674038934e-14,nan,nan,nan,nan
894,22.35,5.311880752e-14,6.095124405e-14,nan,nan,nan,nan
895,22.375,6.866991112e-14,7.954747971e-14,nan,nan,nan,nan
896,22.4,8.776315286e-14,9.975353876e-14,nan,nan,nan,nan
897,22.425,1.090012859e-13,1.228461777e-13,nan,nan,nan,nan
898,22.45,1.319430609e-13,1.476596623e-13,nan,nan,nan,nan
899,22.475,1.561176430e-13,1.731392807e-13,nan,nan,nan,nan
900,22.5,1.815480196e-13,2.000621890e-13,nan,nan,nan,nan
901,22.525,2.100217550e-13,2.327027460e-13,nan,nan,nan,nan
902,22.55,2.465038481e-13,2.739475313e-13,nan,nan,nan,nan
903,22.575,2.990384118e-13,3.357869538e-13,nan,nan,nan,nan
904,22.6,3.752914353e-13,4.230504835e-13,nan,nan,nan,nan
905,22.625,4.828210255e-13,5.458966612e-13,nan,nan,nan,nan
906,22.65,6.238306949e-13,7.027156634e-13,nan,nan,nan,nan
907,22.675,7.975749176e-13,8.920086891e-13,nan,nan,nan,nan
908,22.7,9.982259274e-13,1.106947867e-12,nan,nan,nan,nan
909,22.725,1.217680406e-12,1.337763234e-12,nan,nan,nan,nan
910,22.75,1.446920178e-12,1.578071007e-12,nan,nan,nan,nan
911,22.775,1.681847967e-12,1.821487405e-12,nan,nan,nan,nan
912,22.8,1.926114111e-12,2.080280392e-12,nan,nan,nan,nan
913,22.825,2.204381931e-12,2.389310971e-12,nan,nan,nan,nan
914,22.85,2.568407690e-12,2.804728672e-12,nan,nan,nan,nan
915,22.875,3.085958638e-12,3.397976345e-12,nan,nan,nan,nan
916,22.9,3.817094021e-12,4.224842698e-12,nan,nan,nan,nan
917,22.925,4.791478306e-12,5.301231676e-12,nan,nan,nan,nan
918,22.95,5.998874688e-12,6.603051439e-12,nan,nan,nan,nan
919,22.975,7.393883904e-12,8.073847146e-12,nan,nan,nan,nan
920,23,8.904916509e-12,9.639886112e-12,nan,nan,nan,nan
921,23.025,1.046249432e-11,1.122910098e-11,nan,nan,nan,nan
922,23.05,1.201172742e-11,1.280797690e-11,nan,nan,nan,nan
923,23.075,1.357882464e-11,1.443159481e-11,nan,nan,nan,nan
924,23.1,1.530655070e-11,1.628935875e-11,nan,nan,nan,nan
925,23.125,1.747091132e-11,1.871097721e-11,nan,nan,nan,nan
926,23.15,2.044961423e-11,2.207312111e-11,nan,nan,nan,nan
927,23.175,2.456890790e-11,2.665295762e-11,nan,nan,nan,nan
928,23.2,2.994947324e-11,3.247818681e-11,nan,nan,nan,nan
929,23.225,3.643169295e-11,3.932526527e-11,nan,nan,nan,nan
930,23.25,4.370433192e-11,4.680267285e-11,nan,nan,nan,nan
931,23.275,5.132353916e-11,5.445544016e-11,nan,nan,nan,nan
932,23.3,5.887145584e-11,6.195699509e-11,nan,nan,nan,nan
933,23.325,6.617123464e-11,6.920591877e-11,nan,nan,nan,nan
934,23.35,7.346044154e-11,7.666040025e-11,nan,nan,nan,nan
935,23.375,8.155746164e-11,8.531575446e-11,nan,nan,nan,nan
936,23.4,9.184248609e-11,9.667305845e-11,nan,nan,nan,nan
937,23.425,1.057835982e-10,1.120649129e-10,nan,nan,nan,nan
938,23.45,1.242917890e-10,1.320634990e-10,nan,nan,nan,nan
939,23.475,1.472115778e-10,1.560715168e-10,nan,nan,nan,nan
940,23.5,1.732142243e-10,1.825699314e-10,nan,nan,nan,nan
941,23.525,2.005916724e-10,2.096940260e-10,nan,nan,nan,nan
942,23.55,2.275258482e-10,2.357864043e-10,nan,nan,nan,nan
943,23.575,2.528010812e-10,2.600706768e-10,nan,nan,nan,nan
944,23.6,2.766306382e-10,2.832558146e-10,nan,nan,nan,nan
945,23.625,3.009516319e-10,3.081798844e-10,nan,nan,nan,nan
946,23.65,3.296439527e-10,3.389469816e-10,nan,nan,nan,nan
947,23.675,3.672584104e-10,3.797701598e-10,nan,nan,nan,nan
948,23.7,4.166442172e-10,4.323647551e-10,nan,nan,nan,nan
949,23.725,4.774930085e-10,4.951239418e-10,nan,nan,nan,nan
950,23.75,5.462761748e-10,5.637850187e-10,nan,nan,nan,nan
951,23.775,6.173532348e-10,6.323872537e-10,nan,nan,nan,nan
952,23.8,6.854859321e-10,6.960733101e-10,nan,nan,nan,nan
953,23.825,7.468773926e-10,7.525201573e-10,nan,nan,nan,nan
954,23.85,8.014351746e-10,8.034856669e-10,nan,nan,nan,nan
955,23.875,8.537014185e-10,8.547003660e-10,nan,nan,nan,nan
956,23.9,9.121882857e-10,9.154353386e-10,nan,nan,nan,nan
957,23.925,9.863493566e-10,9.938839196e-10,nan,nan,nan,nan
958,23.95,1.081664205e-09,1.092942847e-09,nan,nan,nan,nan
959,23.975,1.196487441e-09,1.208045386e-09,nan,nan,nan,nan
960,24,1.321739065e-09,1.328520571e-09,nan,nan,nan,nan
961,24.025,1.446454554e-09,1.443004077e-09,nan,nan,nan,nan
962,24.05,1.558412216e-09,1.542020844e-09,nan,nan,nan,nan
963,24.075,1.651511351e-09,1.621941970e-09,nan,nan,nan,nan
964,24.1,1.726816793e-09,1.686690454e-09,nan,nan,nan,nan
965,24.125,1.794082883e-09,1.748480513e-09,nan,nan,nan,nan
966,24.15,1.865875617e-09,1.819861601e-09,nan,nan,nan,nan
967,24.175,1.955138556e-09,1.910832340e-09,nan,nan,nan,nan
968,24.2,2.066915087e-09,2.021877415e-09,nan,nan,nan,nan
969,24.225,2.196065717e-09,2.143879796e-09,nan,nan,nan,nan
970,24.25,2.328123080e-09,2.261281745e-09,nan,nan,nan,nan
971,24.275,2.447431097e-09,2.360521445e-09,nan,nan,nan,nan
972,24.3,2.541515193e-09,2.432547552e-09,nan,nan,nan,nan
973,24.325,2.606810339e-09,2.477952787e-09,nan,nan,nan,nan
974,24.35,2.648617560e-09,2.505220975e-09,nan,nan,nan,nan
975,24.375,2.678679462e-09,2.526999943e-09,nan,nan,nan,nan
976,24.4,2.710160482e-09,2.554752132e-09,nan,nan,nan,nan
977,24.425,2.753213858e-09,2.594179482e-09,nan,nan,nan,nan
978,24.45,2.808358872e-09,2.643471719e-09,nan,nan,nan,nan
979,24.475,2.869128223e-09,2.695135060e-09,nan,nan,nan,nan
980,24.5,2.927871626e-09,2.740460692e-09,nan,nan,nan,nan
981,24.525,2.977782665e-09,2.776486430e-09,nan,nan,nan,nan
982,24.55,3.018144204e-09,2.805487231e-09,nan,nan,nan,nan
983,24.575,3.054844407e-09,2.837118873e-09,nan,nan,nan,nan
984,24.6,3.098990157e-09,2.879609107e-09,nan,nan,nan,nan
985,24.625,3.158332091e-09,2.941234867e-09,nan,nan,nan,nan
986,24.65,3.238906104e-09,3.025700190e-09,nan,nan,nan,nan
987,24.675,3.341746499e-09,3.130535664e-09,nan,nan,nan,nan
988,24.7,3.461373423e-09,3.248259994e-09,nan,nan,nan,nan
989,24.725,3.590252968e-09,3.371856294e-09,nan,nan,nan,nan
990,24.75,3.723096823e-09,3.497275691e-09,nan,nan,nan,nan
991,24.775,3.858900035e-09,3.625223677e-09,nan,nan,nan,nan
992,24.8,4.001250351e-09,3.760347422e-09,nan,nan,nan,nan
993,24.825,4.157445472e-09,3.911226232e-09,nan,nan,nan,nan
994,24.85,4.334422322e-09,4.079624583e-09,nan,nan,nan,nan
995,24.875,4.528585000e-09,4.262923708e-09,nan,nan,nan,nan
996,24.9,4.735391040e-09,4.449410396e-09,nan,nan,nan,nan
997,24.925,4.936231653e-09,4.624122002e-09,nan,nan,nan,nan
998,24.95,5.120655396e-09,4.777156337e-09,nan,nan,nan,nan
999,24.975,5.277305191e-09,4.900391634e-09,nan,nan,nan,nan
1000,25,5.404692204e-09,4.997939243e-09,nan,nan,nan,nan
1001,25.025,5.513167450e-09,5.084055787e-09,nan,nan,nan,nan
1002,25.05,5.615091636e-09,5.167487327e-09,nan,nan,nan,nan
1003,25.075,5.719772547e-09,5.257897466e-09,nan,nan,nan,nan
1004,25.1,5.834089758e-09,5.360300696e-09,nan,nan,nan,nan
1005,25.125,5.960485267e-09,5.471855871e-09,nan,nan,nan,nan
1006,25.15,6.092340176e-09,5.587731444e-09,nan,nan,nan,nan
1007,25.175,6.227258719e-09,5.707062517e-09,nan,nan,nan,nan
1008,25.2,6.367392577e-09,5.836047631e-09,nan,nan,nan,nan
1009,25.225,6.521144025e-09,5.981637963e-09,nan,nan,nan,nan
1010,25.25,6.698754061e-09,6.153374726e-09,nan,nan,nan,nan
1011,25.275,6.907758325e-09,6.356759646e-09,nan,nan,nan,nan
1012,25.3,7.149838612e-09,6.589347623e-09,nan,nan,nan,nan
1013,25.325,7.417805759e-09,6.840302602e-09,nan,nan,nan,nan
1014,25.35,7.697453485e-09,7.093947318e-09,nan,nan,nan,nan
1015,25.375,7.972801018e-09,7.335730134e-09,nan,nan,nan,nan
1016,25.4,8.232262801e-09,7.557727000e-09,nan,nan,nan,nan
1017,25.425,8.472655386e-09,7.760886656e-09,nan,nan,nan,nan
1018,25.45,8.699074911e-09,7.952986436e-09,nan,nan,nan,nan
1019,25.475,8.920819126e-09,8.143486496e-09,nan,nan,nan,nan
1020,25.5,9.145695416e-09,8.338205792e-09,nan,nan,nan,nan
1021,25.525,9.375957323e-09,8.536878371e-09,nan,nan,nan,nan
1022,25.55,9.608219340e-09,8.734997281e-09,nan,nan,nan,nan
1023,25.575,9.837437503e-09,8.928879802e-09,nan,nan,nan,nan
1024,25.6,1.006258862e-08,9.120890931e-09,nan,nan,nan,nan
1025,25.625,1.029050588e-08,9.324180428e-09,nan,nan,nan,nan
1026,25.65,1.053525616e-08,9.554237568e-09,nan,nan,nan,nan
1027,25.675,1.081821742e-08,9.821560731e-09,nan,nan,nan,nan
1028,25.7,1.114328717e-08,1.013037332e-08,nan,nan,nan,nan
1029,25.725,1.150817532e-08,1.047194703e-08,nan,nan,nan,nan
1030,25.75,1.189803216e-08,1.083291229e-08,nan,nan,nan,nan
1031,25.775,1.229400129e-08,1.118529258e-08,nan,nan,nan,nan
1032,25.8,1.267725571e-08,1.151120971e-08,nan,nan,nan,nan
1033,25.825,1.303273308e-08,1.180595122e-08,nan,nan,nan,nan
1034,25.85,1.336305910e-08,1.207725803e-08,nan,nan,nan,nan
1035,25.875,1.367994754e-08,1.233844216e-08,nan,nan,nan,nan
1036,25.9,1.399485226e-08,1.259832477e-08,nan,nan,nan,nan
1037,25.925,1.430958611e-08,1.285369999e-08,nan,nan,nan,nan
1038,25.95,1.461251588e-08,1.309107911e-08,nan,nan,nan,nan
1039,25.975,1.488401055e-08,1.329750066e-08,nan,nan,nan,nan
1040,26,1.511863537e-08,1.345719447e-08,nan,nan,nan,nan
1041,26.025,1.530560973e-08,1.358602358e-08,nan,nan,nan,nan
1042,26.05,1.547382513e-08,1.371672687e-08,nan,nan,nan,nan
1043,26.075,1.566766748e-08,1.389557841e-08,nan,nan,nan,nan
1044,26.1,1.593313604e-08,1.416992357e-08,nan,nan,nan,nan
1045,26.125,1.631876071e-08,1.457605064e-08,nan,nan,nan,nan
1046,26.15,1.683956786e-08,1.511382453e-08,nan,nan,nan,nan
1047,26.175,1.748969580e-08,1.577492309e-08,nan,nan,nan,nan
1048,26.2,1.823932683e-08,1.650244885e-08,nan,nan,nan,nan
1049,26.225,1.903041390e-08,1.725620491e-08,nan,nan,nan,nan
1050,26.25,1.983855162e-08,1.799015026e-08,nan,nan,nan,nan
1051,26.275,2.061388309e-08,1.869002819e-08,nan,nan,nan,nan
1052,26.3,2.137629635e-08,1.935785521e-08,nan,nan,nan,nan
1053,26.325,2.213399068e-08,2.002307864e-08,nan,nan,nan,nan
1054,26.35,2.291351225e-08,2.070855215e-08,nan,nan,nan,nan
1055,26.375,2.372272058e-08,2.140860750e-08,nan,nan,nan,nan
1056,26.4,2.453134763e-08,2.207719929e-08,nan,nan,nan,nan
1057,26.425,2.526890146e-08,2.263353716e-08,nan,nan,nan,nan
1058,26.45,2.584175465e-08,2.298628049e-08,nan,nan,nan,nan
1059,26.475,2.616568242e-08,2.306931207e-08,nan,nan,nan,nan
1060,26.5,2.620250053e-08,2.287541984e-08,nan,nan,nan,nan
1061,26.525,2.602180025e-08,2.296763625e-08,nan,nan,nan,nan
1062,26.55,2.607818675e-08,2.279447548e-08,nan,nan,nan,nan
1063,26.575,2.588408827e-08,2.286010230e-08,nan,nan,nan,nan
1064,26.6,2.594848909e-08,2.271016837e-08,nan,nan,nan,nan
1065,26.625,2.577990516e-08,2.274667560e-08,nan,nan,nan,nan
1066,26.65,2.581331462e-08,2.262696164e-08,nan,nan,nan,nan
1067,26.675,2.619440037e-08,2.298367704e-08,nan,nan,nan,nan
1068,26.7,2.715910509e-08,2.408135913e-08,nan,nan,nan,nan
1069,26.725,2.833596281e-08,2.538640487e-08,nan,nan,nan,nan
1070,26.75,2.971165626e-08,2.682013037e-08,nan,nan,nan,nan
1071,26.775,3.126060573e-08,2.838767482e-08,nan,nan,nan,nan
1072,26.8,3.306390495e-08,3.017399647e-08,nan,nan,nan,nan
1073,26.825,3.518797750e-08,3.224167239e-08,nan,nan,nan,nan
1074,26.85,3.763637063e-08,3.455617889e-08,nan,nan,nan,nan
1075,26.875,4.021182918e-08,3.681546068e-08,nan,nan,nan,nan
1076,26.9,4.255046899e-08,3.860368647e-08,nan,nan,nan,nan
1077,26.925,4.417213900e-08,3.950356442e-08,nan,nan,nan,nan
1078,26.95,4.474440613e-08,3.929169036e-08,nan,nan,nan,nan
1079,26.975,4.421634329e-08,3.922903436e-08,nan,nan,nan,nan
1080,27,4.445285015e-08,3.913631256e-08,nan,nan,nan,nan
1081,27.025,4.405682850e-08,3.895147523e-08,nan,nan,nan,nan
1082,27.05,4.414261499e-08,3.895895885e-08,nan,nan,nan,nan
1083,27.075,4.386677646e-08,3.864574550e-08,nan,nan,nan,nan
1084,27.1,4.381935212e-08,3.876748222e-08,nan,nan,nan,nan
1085,27.125,4.366124702e-08,3.831301675e-08,nan,nan,nan,nan
1086,27.15,4.346801559e-08,3.854637189e-08,nan,nan,nan,nan
1087,27.175,4.343579982e-08,3.795455080e-08,nan,nan,nan,nan
1088,27.2,4.308972163e-08,3.829630860e-08,nan,nan,nan,nan
1089,27.225,4.432751546e-08,4.051053933e-08,nan,nan,nan,nan
1090,27.25,4.794039041e-08,4.422502113e-08,nan,nan,nan,nan
1091,27.275,5.243556622e-08,4.869568918e-08,nan,nan,nan,nan
1092,27.3,5.769345714e-08,5.357755180e-08,nan,nan,nan,nan
1093,27.325,6.295544937e-08,5.795906862e-08,nan,nan,nan,nan
1094,27.35,6.710120638e-08,6.068334474e-08,nan,nan,nan,nan
1095,27.375,6.910308660e-08,6.097603859e-08,nan,nan,nan,nan
1096,27.4,6.851193645e-08,6.016411399e-08,nan,nan,nan,nan
1097,27.425,6.855959485e-08,6.071846736e-08,nan,nan,nan,nan
1098,27.45,6.827749826e-08,5.959971136e-08,nan,nan,nan,nan
1099,27.475,6.798594745e-08,6.041302768e-08,nan,nan,nan,nan
1100,27.5,6.796605608e-08,5.896792321e-08,nan,nan,nan,nan
1101,27.525,6.735083013e-08,6.005416176e-08,nan,nan,nan,nan
1102,27.55,6.762088626e-08,5.875013933e-08,nan,nan,nan,nan
1103,27.575,6.664763937e-08,5.962165186e-08,nan,nan,nan,nan
1104,27.6,6.720788760e-08,5.863178463e-08,nan,nan,nan,nan
1105,27.625,6.588976971e-08,5.913258825e-08,nan,nan,nan,nan
1106,27.65,6.672108047e-08,6.017489391e-08,nan,nan,nan,nan
1107,27.675,7.128641170e-08,6.582438655e-08,nan,nan,nan,nan
1108,27.7,7.822383966e-08,7.244838128e-08,nan,nan,nan,nan
1109,27.725,8.606986218e-08,7.943737507e-08,nan,nan,nan,nan
1110,27.75,9.341521366e-08,8.498581988e-08,nan,nan,nan,nan
1111,27.775,9.821851744e-08,8.709498311e-08,nan,nan,nan,nan
1112,27.8,9.876052518e-08,8.469989313e-08,nan,nan,nan,nan
1113,27.825,9.741333308e-08,8.678122923e-08,nan,nan,nan,nan
1114,27.85,9.850726474e-08,8.493736660e-08,nan,nan,nan,nan
1115,27.875,9.650866909e-08,8.633074699e-08,nan,nan,nan,nan
1116,27.9,9.811100685e-08,8.503831186e-08,nan,nan,nan,nan
1117,27.925,9.551908103e-08,8.581615084e-08,nan,nan,nan,nan
1118,27.95,9.762601994e-08,8.500841754e-08,nan,nan,nan,nan
1119,27.975,9.532910864e-08,8.516520573e-08,nan,nan,nan,nan
1120,28,9.702733060e-08,8.490497357e-08,nan,nan,nan,nan
1121,28.025,9.527555015e-08,8.439104683e-08,nan,nan,nan,nan
1122,28.05,9.802080487e-08,8.991512845e-08,nan,nan,nan,nan
1123,28.075,1.053752652e-07,9.599496453e-08,nan,nan,nan,nan
1124,28.1,1.127588373e-07,1.024035695e-07,nan,nan,nan,nan
1125,28.125,1.209279796e-07,1.092435692e-07,nan,nan,nan,nan
1126,28.15,1.285560707e-07,1.143926756e-07,nan,nan,nan,nan
1127,28.175,1.326344880e-07,1.147680095e-07,nan,nan,nan,nan
1128,28.2,1.306357405e-07,1.140212417e-07,nan,nan,nan,nan
1129,28.225,1.323621260e-07,1.151700467e-07,nan,nan,nan,nan
1130,28.25,1.312076602e-07,1.134225448e-07,nan,nan,nan,nan
1131,28.275,1.318816182e-07,1.154249058e-07,nan,nan,nan,nan
1132,28.3,1.316058182e-07,1.126201313e-07,nan,nan,nan,nan
1133,28.325,1.311701324e-07,1.154773372e-07,nan,nan,nan,nan
1134,28.35,1.317845720e-07,1.117818567e-07,nan,nan,nan,nan
1135,28.375,1.302891243e-07,1.153019160e-07,nan,nan,nan,nan
1136,28.4,1.317383208e-07,1.188011378e-07,nan,nan,nan,nan
1137,28.425,1.418187955e-07,1.300927050e-07,nan,nan,nan,nan
1138,28.45,1.512832838e-07,1.356531394e-07,nan,nan,nan,nan
1139,28.475,1.564079824e-07,1.377008474e-07,nan,nan,nan,nan
1140,28.5,1.598607137e-07,1.393599984e-07,nan,nan,nan,nan
1141,28.525,1.633736827e-07,1.410080975e-07,nan,nan,nan,nan
1142,28.55,1.651864004e-07,1.394510039e-07,nan,nan,nan,nan
1143,28.575,1.628777904e-07,1.414614125e-07,nan,nan,nan,nan
1144,28.6,1.658297884e-07,1.410439782e-07,nan,nan,nan,nan
1145,28.625,1.634926904e-07,1.416740860e-07,nan,nan,nan,nan
1146,28.65,1.661742654e-07,1.423539769e-07,nan,nan,nan,nan
1147,28.675,1.649539540e-07,1.415839866e-07,nan,nan,nan,nan
1148,28.7,1.662801470e-07,1.433614599e-07,nan,nan,nan,nan
1149,28.725,1.661858632e-07,1.411543732e-07,nan,nan,nan,nan
1150,28.75,1.660453408e-07,1.503331303e-07,nan,nan,nan,nan
1151,28.775,1.851674882e-07,1.718417331e-07,nan,nan,nan,nan
1152,28.8,2.041841997e-07,1.840464676e-07,nan,nan,nan,nan
1153,28.825,2.125084045e-07,1.848470463e-07,nan,nan,nan,nan
1154,28.85,2.105689197e-07,1.809277662e-07,nan,nan,nan,nan
1155,28.875,2.096140041e-07,1.834786567e-07,nan,nan,nan,nan
1156,28.9,2.093499962e-07,1.775739613e-07,nan,nan,nan,nan
1157,28.925,2.063062792e-07,1.816410157e-07,nan,nan,nan,nan
1158,28.95,2.078021346e-07,1.774126951e-07,nan,nan,nan,nan
1159,28.975,2.034385633e-07,1.795238512e-07,nan,nan,nan,nan
1160,29,2.058138591e-07,1.768957678e-07,nan,nan,nan,nan
1161,29.025,2.030986923e-07,1.769835928e-07,nan,nan,nan,nan
1162,29.05,2.033739570e-07,1.759590761e-07,nan,nan,nan,nan
1163,29.075,2.022762802e-07,1.740579675e-07,nan,nan,nan,nan
1164,29.1,2.112643728e-07,1.934904701e-07,nan,nan,nan,nan
1165,29.125,2.377048324e-07,2.169545716e-07,nan,nan,nan,nan
1166,29.15,2.611853880e-07,2.330682127e-07,nan,nan,nan,nan
1167,29.175,2.730557028e-07,2.346635806e-07,nan,nan,nan,nan
1168,29.2,2.687734366e-07,2.306755180e-07,nan,nan,nan,nan
1169,29.225,2.711120126e-07,2.347710050e-07,nan,nan,nan,nan
1170,29.25,2.693727127e-07,2.277042929e-07,nan,nan,nan,nan
1171,29.275,2.685357640e-07,2.342345996e-07,nan,nan,nan,nan
1172,29.3,2.693393085e-07,2.249822995e-07,nan,nan,nan,nan
1173,29.325,2.654077689e-07,2.331495185e-07,nan,nan,nan,nan
1174,29.35,2.686602191e-07,2.262735802e-07,nan,nan,nan,nan
1175,29.375,2.618405959e-07,2.315540520e-07,nan,nan,nan,nan
1176,29.4,2.675366077e-07,2.325259233e-07,nan,nan,nan,nan
1177,29.425,2.771647617e-07,2.451080978e-07,nan,nan,nan,nan
1178,29.45,2.906095827e-07,2.542482964e-07,nan,nan,nan,nan
1179,29.475,3.035170443e-07,2.638815921e-07,nan,nan,nan,nan
1180,29.5,3.156997041e-07,2.704816301e-07,nan,nan,nan,nan
1181,29.525,3.204746462e-07,2.663427301e-07,nan,nan,nan,nan
1182,29.55,3.140908949e-07,2.711266964e-07,nan,nan,nan,nan
1183,29.575,3.216207280e-07,2.695762548e-07,nan,nan,nan,nan
1184,29.6,3.145847321e-07,2.709773500e-07,nan,nan,nan,nan
1185,29.625,3.219952355e-07,2.721737169e-07,nan,nan,nan,nan
1186,29.65,3.176753466e-07,2.702043534e-07,nan,nan,nan,nan
1187,29.675,3.216821025e-07,2.740725061e-07,nan,nan,nan,nan
1188,29.7,3.202485326e-07,2.687015457e-07,nan,nan,nan,nan
1189,29.725,3.345911282e-07,3.041728962e-07,nan,nan,nan,nan
1190,29.75,3.671958985e-07,3.249518480e-07,nan,nan,nan,nan
1191,29.775,3.812065156e-07,3.255167149e-07,nan,nan,nan,nan
1192,29.8,3.772247591e-07,3.193016821e-07,nan,nan,nan,nan
1193,29.825,3.761474628e-07,3.234651809e-07,nan,nan,nan,nan
1194,29.85,3.756040413e-07,3.130984495e-07,nan,nan,nan,nan
1195,29.875,3.702119937e-07,3.204497169e-07,nan,nan,nan,nan
1196,29.9,3.731669920e-07,3.133465171e-07,nan,nan,nan,nan
1197,29.925,3.661687123e-07,3.167385347e-07,nan,nan,nan,nan
1198,29.95,3.697430270e-07,3.128288725e-07,nan,nan,nan,nan
1199,29.975,3.658291861e-07,3.121177420e-07,nan,nan,nan,nan
1200,30,3.653716036e-07,3.113138419e-07,nan,nan,nan,nan
1201,30.025,3.705505555e-07,3.294396477e-07,nan,nan,nan,nan
1202,30.05,4.086871724e-07,3.640969725e-07,nan,nan,nan,nan
1203,30.075,4.449974613e-07,3.897224773e-07,nan,nan,nan,nan
1204,30.1,4.650297130e-07,3.933739996e-07,nan,nan,nan,nan
1205,30.125,4.593100813e-07,3.859951683e-07,nan,nan,nan,nan
1206,30.15,4.621939907e-07,3.942542925e-07,nan,nan,nan,nan
1207,30.175,4.611531349e-07,3.810898778e-07,nan,nan,nan,nan
1208,30.2,4.581237473e-07,3.939145584e-07,nan,nan,nan,nan
1209,30.225,4.618097769e-07,3.804937424e-07,nan,nan,nan,nan
1210,30.25,4.528650662e-07,3.924002303e-07,nan,nan,nan,nan
1211,30.275,4.612981125e-07,3.835315148e-07,nan,nan,nan,nan
1212,30.3,4.466629038e-07,3.902809772e-07,nan,nan,nan,nan
1213,30.325,4.746265457e-07,4.136862187e-07,nan,nan,nan,nan
1214,30.35,4.939412230e-07,4.219202878e-07,nan,nan,nan,nan
1215,30.375,5.032544494e-07,4.237714413e-07,nan,nan,nan,nan
1216,30.4,5.097293598e-07,4.248294964e-07,nan,nan,nan,nan
1217,30.425,5.124351941e-07,4.219177399e-07,nan,nan,nan,nan
1218,30.45,5.079846747e-07,4.265062424e-07,nan,nan,nan,nan
1219,30.475,5.146943700e-07,4.247204064e-07,nan,nan,nan,nan
1220,30.5,5.092869729e-07,4.270391992e-07,nan,nan,nan,nan
1221,30.525,5.158353553e-07,4.289844363e-07,nan,nan,nan,nan
1222,30.55,5.143041431e-07,4.261935541e-07,nan,nan,nan,nan
1223,30.575,5.156263561e-07,4.321812753e-07,nan,nan,nan,nan
1224,30.6,5.183423011e-07,4.520915061e-07,nan,nan,nan,nan
1225,30.625,5.661912725e-07,5.009499620e-07,nan,nan,nan,nan
1226,30.65,6.088765750e-07,5.234822333e-07,nan,nan,nan,nan
1227,30.675,6.200284794e-07,5.126240150e-07,nan,nan,nan,nan
1228,30.7,6.000629651e-07,5.186942319e-07,nan,nan,nan,nan
1229,30.725,6.165702524e-07,5.141611062e-07,nan,nan,nan,nan
1230,30.75,6.026697748e-07,5.125734034e-07,nan,nan,nan,nan
1231,30.775,6.115035385e-07,5.143279210e-07,nan,nan,nan,nan
1232,30.8,6.036977562e-07,5.048974118e-07,nan,nan,nan,nan
1233,30.825,6.049636414e-07,5.127932938e-07,nan,nan,nan,nan
1234,30.85,6.032832008e-07,4.958155711e-07,nan,nan,nan,nan
1235,30.875,5.968869602e-07,5.095601794e-07,nan,nan,nan,nan
1236,30.9,6.164818514e-07,5.279912446e-07,nan,nan,nan,nan
1237,30.925,6.460906780e-07,5.520454064e-07,nan,nan,nan,nan
1238,30.95,6.761252316e-07,5.727211039e-07,nan,nan,nan,nan
1239,30.975,6.957714968e-07,5.760920258e-07,nan,nan,nan,nan
1240,31,6.903813851e-07,5.705061162e-07,nan,nan,nan,nan
1241,31.025,6.946497192e-07,5.799463617e-07,nan,nan,nan,nan
1242,31.05,6.956376499e-07,5.666570514e-07,nan,nan,nan,nan
1243,31.075,6.918313274e-07,5.821638227e-07,nan,nan,nan,nan
1244,31.1,6.993487273e-07,5.686428246e-07,nan,nan,nan,nan
1245,31.125,6.870621807e-07,5.826802302e-07,nan,nan,nan,nan
1246,31.15,7.012906558e-07,5.808851262e-07,nan,nan,nan,nan
1247,31.175,7.293673604e-07,6.364830942e-07,nan,nan,nan,nan
1248,31.2,7.747936664e-07,6.581271516e-07,nan,nan,nan,nan
1249,31.225,7.846373342e-07,6.447768116e-07,nan,nan,nan,nan
1250,31.25,7.656922705e-07,6.510835577e-07,nan,nan,nan,nan
1251,31.275,7.790951306e-07,6.452791435e-07,nan,nan,nan,nan
1252,31.3,7.672405489e-07,6.421719838e-07,nan,nan,nan,nan
1253,31.325,7.713267770e-07,6.436031796e-07,nan,nan,nan,nan
1254,31.35,7.665747711e-07,6.315471226e-07,nan,nan,nan,nan
1255,31.375,7.616317034e-07,6.400679185e-07,nan,nan,nan,nan
1256,31.4,7.637800080e-07,6.259765647e-07,nan,nan,nan,nan
1257,31.425,7.511208431e-07,6.343889617e-07,nan,nan,nan,nan
1258,31.45,7.811019581e-07,6.690069476e-07,nan,nan,nan,nan
1259,31.475,8.332696733e-07,7.134940432e-07,nan,nan,nan,nan
1260,31.5,8.790096498e-07,7.400964298e-07,nan,nan,nan,nan
1261,31.525,8.955510234e-07,7.297250025e-07,nan,nan,nan,nan
1262,31.55,8.708242453e-07,7.381807626e-07,nan,nan,nan,nan
1263,31.575,8.956617594e-07,7.363380986e-07,nan,nan,nan,nan
1264,31.6,8.793052235e-07,7.336122136e-07,nan,nan,nan,nan
1265,31.625,8.931697442e-07,7.408517183e-07,nan,nan,nan,nan
1266,31.65,8.857047156e-07,7.268933155e-07,nan,nan,nan,nan
1267,31.675,8.882766645e-07,7.432027508e-07,nan,nan,nan,nan
1268,31.7,8.899272560e-07,7.583356358e-07,nan,nan,nan,nan
1269,31.725,9.368854764e-07,7.956944186e-07,nan,nan,nan,nan
1270,31.75,9.623828699e-07,7.964259575e-07,nan,nan,nan,nan
1271,31.775,9.577324726e-07,7.831488973e-07,nan,nan,nan,nan
1272,31.8,9.508005448e-07,7.923620228e-07,nan,nan,nan,nan
1273,31.825,9.543168833e-07,7.788144319e-07,nan,nan,nan,nan
1274,31.85,9.437181809e-07,7.855506729e-07,nan,nan,nan,nan
1275,31.875,9.483212753e-07,7.791886467e-07,nan,nan,nan,nan
1276,31.9,9.449532041e-07,7.761751677e-07,nan,nan,nan,nan
1277,31.925,9.398523600e-07,7.771105526e-07,nan,nan,nan,nan
1278,31.95,9.433097834e-07,7.704912843e-07,nan,nan,nan,nan
1279,31.975,9.471577314e-07,8.076992404e-07,nan,nan,nan,nan
1280,32,1.016797287e-06,8.696994593e-07,nan,nan,nan,nan
1281,32.025,1.078410966e-06,9.072289336e-07,nan,nan,nan,nan
1282,32.05,1.102733847e-06,8.979217420e-07,nan,nan,nan,nan
1283,32.075,1.075527625e-06,9.024563981e-07,nan,nan,nan,nan
1284,32.1,1.100630102e-06,9.042839951e-07,nan,nan,nan,nan
1285,32.125,1.084057715e-06,8.949105039e-07,nan,nan,nan,nan
1286,32.15,1.095320767e-06,9.079189101e-07,nan,nan,nan,nan
1287,32.175,1.090135148e-06,8.838202365e-07,nan,nan,nan,nan
1288,32.2,1.086995581e-06,9.078434119e-07,nan,nan,nan,nan
1289,32.225,1.093150229e-06,9.111781968e-07,nan,nan,nan,nan
1290,32.25,1.127309725e-06,9.467344804e-07,nan,nan,nan,nan
1291,32.275,1.152430772e-06,9.484280814e-07,nan,nan,nan,nan
1292,32.3,1.152713384e-06,9.343437673e-07,nan,nan,nan,nan
1293,32.325,1.143937769e-06,9.428558488e-07,nan,nan,nan,nan
1294,32.35,1.148201242e-06,9.366980770e-07,nan,nan,nan,nan
1295,32.375,1.147326203e-06,9.345108995e-07,nan,nan,nan,nan
1296,32.4,1.140572539e-06,9.362098071e-07,nan,nan,nan,nan
1297,32.425,1.147217753e-06,9.330338487e-07,nan,nan,nan,nan
1298,32.45,1.147750672e-06,9.323888774e-07,nan,nan,nan,nan
1299,32.475,1.144493755e-06,9.368656639e-07,nan,nan,nan,nan
1300,32.5,1.158160517e-06,9.854287924e-07,nan,nan,nan,nan
1301,32.525,1.242021428e-06,1.053996986e-06,nan,nan,nan,nan
1302,32.55,1.302169832e-06,1.080240770e-06,nan,nan,nan,nan
1303,32.575,1.308582785e-06,1.048082126e-06,nan,nan,nan,nan
1304,32.6,1.290464052e-06,1.078917334e-06,nan,nan,nan,nan
1305,32.625,1.310829071e-06,1.059213949e-06,nan,nan,nan,nan
1306,32.65,1.274979755e-06,1.072700040e-06,nan,nan,nan,nan
1307,32.675,1.308367656e-06,1.066449544e-06,nan,nan,nan,nan
1308,32.7,1.282596595e-06,1.063890019e-06,nan,nan,nan,nan
1309,32.725,1.301872526e-06,1.071276912e-06,nan,nan,nan,nan
1310,32.75,1.295762251e-06,1.087751415e-06,nan,nan,nan,nan
1311,32.775,1.340143958e-06,1.107218928e-06,nan,nan,nan,nan
1312,32.8,1.354710340e-06,1.103297961e-06,nan,nan,nan,nan
1313,32.825,1.354726800e-06,1.095752734e-06,nan,nan,nan,nan
1314,32.85,1.348485761e-06,1.101367894e-06,nan,nan,nan,nan
1315,32.875,1.353034189e-06,1.098772667e-06,nan,nan,nan,nan
1316,32.9,1.355525308e-06,1.094752510e-06,nan,nan,nan,nan
1317,32.925,1.348282347e-06,1.101015577e-06,nan,nan,nan,nan
1318,32.95,1.359880831e-06,1.098748160e-06,nan,nan,nan,nan
1319,32.975,1.355038727e-06,1.100283956e-06,nan,nan,nan,nan
1320,33,1.359354691e-06,1.118151796e-06,nan,nan,nan,nan
1321,33.025,1.419037678e-06,1.202464377e-06,nan,nan,nan,nan
1322,33.05,1.498143382e-06,1.247128882e-06,nan,nan,nan,nan
1323,33.075,1.523593248e-06,1.228016992e-06,nan,nan,nan,nan
1324,33.1,1.482432506e-06,1.240260483e-06,nan,nan,nan,nan
1325,33.125,1.520044609e-06,1.237227741e-06,nan,nan,nan,nan
1326,33.15,1.493581049e-06,1.230120550e-06,nan,nan,nan,nan
1327,33.175,1.513744855e-06,1.242276640e-06,nan,nan,nan,nan
1328,33.2,1.503423742e-06,1.213175125e-06,nan,nan,nan,nan
1329,33.225,1.501384432e-06,1.241095191e-06,nan,nan,nan,nan
1330,33.25,1.506238642e-06,1.238691154e-06,nan,nan,nan,nan
1331,33.275,1.533087192e-06,1.265377985e-06,nan,nan,nan,nan
1332,33.3,1.553785683e-06,1.264832758e-06,nan,nan,nan,nan
1333,33.325,1.557182693e-06,1.256083380e-06,nan,nan,nan,nan
1334,33.35,1.553181828e-06,1.259955976e-06,nan,nan,nan,nan
1335,33.375,1.554423510e-06,1.260488495e-06,nan,nan,nan,nan
1336,33.4,1.559937869e-06,1.252614687e-06,nan,nan,nan,nan
1337,33.425,1.548708450e-06,1.262940296e-06,nan,nan,nan,nan
1338,33.45,1.562858204e-06,1.264479850e-06,nan,nan,nan,nan
1339,33.475,1.561796833e-06,1.259246081e-06,nan,nan,nan,nan
1340,33.5,1.562462549e-06,1.272733107e-06,nan,nan,nan,nan
1341,33.525,1.616871971e-06,1.364289478e-06,nan,nan,nan,nan
1342,33.55,1.701025152e-06,1.410971346e-06,nan,nan,nan,nan
1343,33.575,1.724073532e-06,1.386160155e-06,nan,nan,nan,nan
1344,33.6,1.683910508e-06,1.404021309e-06,nan,nan,nan,nan
1345,33.625,1.724905794e-06,1.396098649e-06,nan,nan,nan,nan
1346,33.65,1.693253827e-06,1.391802582e-06,nan,nan,nan,nan
1347,33.675,1.715528997e-06,1.403492144e-06,nan,nan,nan,nan
1348,33.7,1.701691211e-06,1.376142287e-06,nan,nan,nan,nan
1349,33.725,1.705649718e-06,1.404327315e-06,nan,nan,nan,nan
1350,33.75,1.709935255e-06,1.399049686e-06,nan,nan,nan,nan
1351,33.775,1.732949568e-06,1.419803718e-06,nan,nan,nan,nan
1352,33.8,1.747824612e-06,1.415413372e-06,nan,nan,nan,nan
1353,33.825,1.747351769e-06,1.407865588e-06,nan,nan,nan,nan
1354,33.85,1.738207321e-06,1.414672973e-06,nan,nan,nan,nan
1355,33.875,1.748322173e-06,1.412369779e-06,nan,nan,nan,nan
1356,33.9,1.750351718e-06,1.406349023e-06,nan,nan,nan,nan
1357,33.925,1.742227435e-06,1.415427783e-06,nan,nan,nan,nan
1358,33.95,1.755204878e-06,1.412142743e-06,nan,nan,nan,nan
1359,33.975,1.746250312e-06,1.416587829e-06,nan,nan,nan,nan
1360,34,1.757405800e-06,1.449869951e-06,nan,nan,nan,nan
1361,34.025,1.835974865e-06,1.534601964e-06,nan,nan,nan,nan
1362,34.05,1.906825014e-06,1.558861473e-06,nan,nan,nan,nan
1363,34.075,1.904044826e-06,1.517585684e-06,nan,nan,nan,nan
1364,34.1,1.890388951e-06,1.562685394e-06,nan,nan,nan,nan
1365,34.125,1.909804281e-06,1.529351340e-06,nan,nan,nan,nan
1366,34.15,1.873644216e-06,1.553943114e-06,nan,nan,nan,nan
1367,34.175,1.911585733e-06,1.539451498e-06,nan,nan,nan,nan
1368,34.2,1.871388318e-06,1.544465797e-06,nan,nan,nan,nan
1369,34.225,1.902138622e-06,1.551339721e-06,nan,nan,nan,nan
1370,34.25,1.898537713e-06,1.563759411e-06,nan,nan,nan,nan
1371,34.275,1.930575733e-06,1.566093919e-06,nan,nan,nan,nan
1372,34.3,1.931037285e-06,1.549626801e-06,nan,nan,nan,nan
1373,34.325,1.919492345e-06,1.560090419e-06,nan,nan,nan,nan
1374,34.35,1.924006891e-06,1.555904721e-06,nan,nan,nan,nan
1375,34.375,1.924754730e-06,1.548494522e-06,nan,nan,nan,nan
1376,34.4,1.916513124e-06,1.555414091e-06,nan,nan,nan,nan
1377,34.425,1.929608052e-06,1.554796900e-06,nan,nan,nan,nan
1378,34.45,1.930736679e-06,1.549924145e-06,nan,nan,nan,nan
1379,34.475,1.923048056e-06,1.561408172e-06,nan,nan,nan,nan
1380,34.5,1.963112095e-06,1.646572859e-06,nan,nan,nan,nan
1381,34.525,2.059080117e-06,1.702270117e-06,nan,nan,nan,nan
1382,34.55,2.093011267e-06,1.678797746e-06,nan,nan,nan,nan
1383,34.575,2.042600880e-06,1.690856619e-06,nan,nan,nan,nan
1384,34.6,2.089025308e-06,1.691088184e-06,nan,nan,nan,nan
1385,34.625,2.057585874e-06,1.681671895e-06,nan,nan,nan,nan
1386,34.65,2.083133059e-06,1.702685615e-06,nan,nan,nan,nan
1387,34.675,2.076733309e-06,1.655148642e-06,nan,nan,nan,nan
1388,34.7,2.066639581e-06,1.698668160e-06,nan,nan,nan,nan
1389,34.725,2.079571119e-06,1.699073235e-06,nan,nan,nan,nan
1390,34.75,2.097616819e-06,1.709872381e-06,nan,nan,nan,nan
1391,34.775,2.099705590e-06,1.685850840e-06,nan,nan,nan,nan
1392,34.8,2.079261532e-06,1.697119529e-06,nan,nan,nan,nan
1393,34.825,2.094872457e-06,1.687288680e-06,nan,nan,nan,nan
1394,34.85,2.086567358e-06,1.685512025e-06,nan,nan,nan,nan
1395,34.875,2.080364439e-06,1.690605101e-06,nan,nan,nan,nan
1396,34.9,2.087389003e-06,1.681970773e-06,nan,nan,nan,nan
1397,34.925,2.084117361e-06,1.680035555e-06,nan,nan,nan,nan
1398,34.95,2.084163422e-06,1.683557456e-06,nan,nan,nan,nan
1399,34.975,2.092772579e-06,1.745808339e-06,nan,nan,nan,nan
1400,35,2.191044020e-06,1.815213842e-06,nan,nan,nan,nan
